window,market,code,name,cat,strategy,priceChange,return,maxDrawdown,sharpe,tradeCount,ok,err
W1,A,300059,"东方财富",收藏夹,trend,-8.93,-22.83,17.36,-1.35,8,true,
W1,A,600089,"特变电工",收藏夹,trend,-25.58,-10.51,9.71,-1.52,4,true,
W1,A,300059,"东方财富",收藏夹,trend2,-8.93,-12.06,4.81,-2.70,8,true,
W1,A,300814,"中富电路",收藏夹,trend,-13.53,-23.50,10.55,-1.12,14,true,
W1,A,600089,"特变电工",收藏夹,trend2,-25.58,-11.22,9.71,-1.54,12,true,
W1,A,300059,"东方财富",收藏夹,trend3,-8.93,5.99,0.00,0.50,2,true,
W1,HK,01810,"小米集团-W",收藏夹,trend,106.67,52.38,16.31,2.54,24,true,
W1,A,300059,"东方财富",收藏夹,trend5,-8.93,-21.07,15.74,-1.22,4,true,
W1,A,300814,"中富电路",收藏夹,trend2,-13.53,-10.58,12.59,-0.34,10,true,
W1,A,600089,"特变电工",收藏夹,trend3,-25.58,-8.40,8.40,-2.49,2,true,
W1,A,300814,"中富电路",收藏夹,trend3,-13.53,-32.23,15.53,-1.85,6,true,
W1,HK,01810,"小米集团-W",收藏夹,trend2,106.67,0.15,0.00,0.10,2,true,
W1,A,300059,"东方财富",收藏夹,trend6,-8.93,-21.07,15.74,-1.22,4,true,
W1,HK,01810,"小米集团-W",收藏夹,trend3,106.67,105.00,0.00,3.32,2,true,
W1,A,600089,"特变电工",收藏夹,trend5,-25.58,-7.07,7.07,-2.43,2,true,
W1,A,300814,"中富电路",收藏夹,trend5,-13.53,-30.19,16.18,-2.26,6,true,
W1,A,600089,"特变电工",收藏夹,trend6,-25.58,-4.27,4.27,-2.24,2,true,
W2,A,300059,"东方财富",收藏夹,trend,19.98,4.22,18.67,0.47,12,true,
W1,HK,01810,"小米集团-W",收藏夹,trend5,106.67,76.95,1.25,2.73,4,true,
W1,A,300814,"中富电路",收藏夹,trend6,-13.53,-26.48,17.32,-1.97,6,true,
W2,A,600089,"特变电工",收藏夹,trend,50.46,13.23,16.84,1.11,16,true,
W2,A,300059,"东方财富",收藏夹,trend2,19.98,-5.07,5.23,-0.62,10,true,
W1,HK,01810,"小米集团-W",收藏夹,trend6,106.67,67.06,1.25,2.66,8,true,
W2,A,300814,"中富电路",收藏夹,trend,68.59,13.88,18.93,0.78,18,true,
W2,HK,01810,"小米集团-W",收藏夹,trend,9.31,-10.60,9.72,-0.87,16,true,
W2,A,600089,"特变电工",收藏夹,trend2,50.46,14.08,0.79,1.43,8,true,
W2,A,300059,"东方财富",收藏夹,trend3,19.98,8.62,0.00,0.76,2,true,
W2,A,600089,"特变电工",收藏夹,trend3,50.46,36.78,0.00,2.26,4,true,
W2,A,300059,"东方财富",收藏夹,trend5,19.98,11.56,0.00,0.97,2,true,
W2,A,300814,"中富电路",收藏夹,trend2,68.59,14.63,12.83,0.87,8,true,
W2,HK,01810,"小米集团-W",收藏夹,trend2,9.31,-14.67,6.39,-2.59,10,true,
W2,A,300059,"东方财富",收藏夹,trend6,19.98,1.86,4.50,0.28,4,true,
W2,A,300814,"中富电路",收藏夹,trend3,68.59,27.34,16.19,1.18,4,true,
W2,A,600089,"特变电工",收藏夹,trend5,50.46,44.13,0.00,2.52,2,true,
W2,A,300814,"中富电路",收藏夹,trend5,68.59,25.49,14.96,1.15,4,true,
W2,HK,01810,"小米集团-W",收藏夹,trend3,9.31,-8.42,9.91,-0.95,4,true,
W3,A,300059,"东方财富",收藏夹,trend,-27.74,-4.20,4.20,-0.98,2,true,
W2,HK,01810,"小米集团-W",收藏夹,trend5,9.31,-7.12,7.12,-1.45,2,true,
W2,A,600089,"特变电工",收藏夹,trend6,50.46,33.44,0.00,2.08,4,true,
W2,A,300814,"中富电路",收藏夹,trend6,68.59,4.52,4.80,0.41,8,true,
W3,A,600089,"特变电工",收藏夹,trend,43.29,2.62,18.39,0.34,24,true,
W3,A,300814,"中富电路",收藏夹,trend,44.14,14.05,20.00,0.87,10,true,
W3,A,300059,"东方财富",收藏夹,trend2,-27.74,-1.22,1.58,-0.17,6,true,
W2,HK,01810,"小米集团-W",收藏夹,trend6,9.31,-4.75,4.75,-1.18,2,true,
W3,A,300814,"中富电路",收藏夹,trend2,44.14,18.69,0.00,1.34,4,true,
W3,A,300059,"东方财富",收藏夹,trend3,-27.74,0.00,0.00,0.00,0,true,
W3,A,600089,"特变电工",收藏夹,trend2,43.29,13.47,0.00,1.23,2,true,
W3,A,300059,"东方财富",收藏夹,trend5,-27.74,0.00,0.00,0.00,0,true,
W3,HK,01810,"小米集团-W",收藏夹,trend,-40.87,0.00,0.00,0.00,0,true,
W3,A,300814,"中富电路",收藏夹,trend3,44.14,8.54,33.69,0.59,4,true,
W3,HK,01810,"小米集团-W",收藏夹,trend2,-40.87,-6.17,4.02,-2.16,4,true,
W3,A,600089,"特变电工",收藏夹,trend3,43.29,31.36,0.00,1.41,4,true,
W3,A,300059,"东方财富",收藏夹,trend6,-27.74,0.00,0.00,0.00,0,true,
W3,A,600089,"特变电工",收藏夹,trend5,43.29,15.56,17.00,0.87,6,true,
W3,A,300814,"中富电路",收藏夹,trend5,44.14,-3.23,18.19,0.21,6,true,
W3,HK,01810,"小米集团-W",收藏夹,trend3,-40.87,0.00,0.00,0.00,0,true,
W3,A,300814,"中富电路",收藏夹,trend6,44.14,-8.46,13.47,-0.08,8,true,
W4,A,300059,"东方财富",收藏夹,trend,-26.19,-3.21,3.21,-0.81,2,true,
W3,A,600089,"特变电工",收藏夹,trend6,43.29,14.58,15.46,0.84,8,true,
W4,A,300059,"东方财富",收藏夹,trend2,-26.19,1.53,0.10,0.63,4,true,
W3,HK,01810,"小米集团-W",收藏夹,trend5,-40.87,0.00,0.00,0.00,0,true,
W4,A,300814,"中富电路",收藏夹,trend,148.28,57.01,21.86,2.31,16,true,
W3,HK,01810,"小米集团-W",收藏夹,trend6,-40.87,0.00,0.00,0.00,0,true,
W4,A,600089,"特变电工",收藏夹,trend,-6.19,-2.71,8.04,-0.11,10,true,
W4,A,300059,"东方财富",收藏夹,trend3,-26.19,0.00,0.00,0.00,0,true,
W4,A,600089,"特变电工",收藏夹,trend2,-6.19,-1.90,6.37,-0.09,8,true,
W4,A,300814,"中富电路",收藏夹,trend2,148.28,123.63,4.36,3.75,8,true,
W4,HK,01810,"小米集团-W",收藏夹,trend,-37.42,0.00,0.00,0.00,0,true,
W4,A,300814,"中富电路",收藏夹,trend3,148.28,65.50,15.17,2.39,4,true,
W4,A,300059,"东方财富",收藏夹,trend5,-26.19,0.00,0.00,0.00,0,true,
W4,A,600089,"特变电工",收藏夹,trend3,-6.19,4.46,0.00,0.49,2,true,
W4,A,300059,"东方财富",收藏夹,trend6,-26.19,0.00,0.00,0.00,0,true,
W4,HK,01810,"小米集团-W",收藏夹,trend2,-37.42,-10.54,4.02,-2.99,8,true,
W4,A,300814,"中富电路",收藏夹,trend5,148.28,90.19,2.51,3.13,4,true,
W4,HK,01810,"小米集团-W",收藏夹,trend3,-37.42,0.00,0.00,0.00,0,true,
W4,A,600089,"特变电工",收藏夹,trend5,-6.19,-1.47,0.85,0.00,4,true,
W1,A,513260,"恒生科技ETF汇添富",收藏夹,trend,5.55,-0.45,16.74,0.10,18,true,
W4,A,600089,"特变电工",收藏夹,trend6,-6.19,-1.47,0.85,0.00,4,true,
W4,A,300814,"中富电路",收藏夹,trend6,148.28,90.19,2.51,3.13,4,true,
W4,HK,01810,"小米集团-W",收藏夹,trend5,-37.42,0.00,0.00,0.00,0,true,
W1,A,603773,"沃格光电",收藏夹,trend,21.73,-22.53,27.70,-1.03,14,true,
W1,A,513260,"恒生科技ETF汇添富",收藏夹,trend2,5.55,2.31,8.56,0.33,6,true,
W1,A,515180,"红利ETF易方达",收藏夹,trend,-12.88,-12.91,6.93,-1.59,24,true,
W1,A,513260,"恒生科技ETF汇添富",收藏夹,trend3,5.55,-0.63,9.44,0.11,6,true,
W4,HK,01810,"小米集团-W",收藏夹,trend6,-37.42,0.00,0.00,0.00,0,true,
W1,A,603773,"沃格光电",收藏夹,trend2,21.73,7.53,29.71,0.61,6,true,
W1,A,600378,"昊华科技",收藏夹,trend,-22.11,-14.48,14.32,-1.78,6,true,
W1,A,515180,"红利ETF易方达",收藏夹,trend2,-12.88,-4.79,6.93,-0.59,6,true,
W1,A,513260,"恒生科技ETF汇添富",收藏夹,trend5,5.55,-0.34,8.56,0.12,6,true,
W1,A,515180,"红利ETF易方达",收藏夹,trend3,-12.88,-4.84,4.26,-1.10,4,true,
W1,A,603773,"沃格光电",收藏夹,trend3,21.73,-19.09,19.36,-0.78,6,true,
W1,A,600378,"昊华科技",收藏夹,trend2,-22.11,-9.70,11.44,-1.42,6,true,
W1,A,513260,"恒生科技ETF汇添富",收藏夹,trend6,5.55,-0.22,23.19,0.12,8,true,
W1,A,515180,"红利ETF易方达",收藏夹,trend5,-12.88,-4.26,4.26,-1.47,2,true,
W1,A,603773,"沃格光电",收藏夹,trend5,21.73,-13.99,12.14,-0.47,4,true,
W1,A,600378,"昊华科技",收藏夹,trend3,-22.11,-10.33,10.33,-2.50,2,true,
W1,A,603773,"沃格光电",收藏夹,trend6,21.73,-13.43,15.04,-0.66,6,true,
W1,A,600378,"昊华科技",收藏夹,trend5,-22.11,-10.33,10.33,-2.50,2,true,
W2,A,603773,"沃格光电",收藏夹,trend,31.07,26.93,17.25,1.53,12,true,
W2,A,513260,"恒生科技ETF汇添富",收藏夹,trend,16.81,5.69,4.02,0.84,16,true,
W1,A,600378,"昊华科技",收藏夹,trend6,-22.11,-4.06,4.06,-1.44,2,true,
W2,A,603773,"沃格光电",收藏夹,trend2,31.07,4.05,2.48,0.44,10,true,
W1,A,515180,"红利ETF易方达",收藏夹,trend6,-12.88,-1.98,1.98,-1.14,2,true,
W2,A,603773,"沃格光电",收藏夹,trend3,31.07,30.11,0.00,1.55,2,true,
W2,A,513260,"恒生科技ETF汇添富",收藏夹,trend2,16.81,1.73,2.32,0.44,8,true,
W2,A,600378,"昊华科技",收藏夹,trend,16.28,10.16,10.39,1.51,6,true,
W2,A,513260,"恒生科技ETF汇添富",收藏夹,trend3,16.81,12.31,0.00,1.94,4,true,
W2,A,515180,"红利ETF易方达",收藏夹,trend,5.54,-6.24,6.27,-1.04,20,true,
W2,A,603773,"沃格光电",收藏夹,trend5,31.07,28.21,0.00,1.50,2,true,
W2,A,515180,"红利ETF易方达",收藏夹,trend2,5.54,-0.24,0.24,-0.51,2,true,
W2,A,600378,"昊华科技",收藏夹,trend2,16.28,-3.00,5.58,-0.30,8,true,
W2,A,513260,"恒生科技ETF汇添富",收藏夹,trend5,16.81,4.00,4.50,0.76,6,true,
W2,A,600378,"昊华科技",收藏夹,trend3,16.28,17.11,0.00,1.84,2,true,
W2,A,603773,"沃格光电",收藏夹,trend6,31.07,35.60,0.00,1.83,2,true,
W2,A,515180,"红利ETF易方达",收藏夹,trend3,5.54,3.87,0.00,0.97,2,true,
W3,A,603773,"沃格光电",收藏夹,trend,2.37,-27.31,13.56,-1.49,16,true,
W2,A,513260,"恒生科技ETF汇添富",收藏夹,trend6,16.81,4.00,4.50,0.76,6,true,
W2,A,600378,"昊华科技",收藏夹,trend5,16.28,13.21,0.00,1.54,2,true,
W3,A,513260,"恒生科技ETF汇添富",收藏夹,trend,-29.99,-7.75,3.05,-2.21,8,true,
W2,A,515180,"红利ETF易方达",收藏夹,trend5,5.54,1.12,0.54,0.32,4,true,
W3,A,603773,"沃格光电",收藏夹,trend2,2.37,-22.51,9.98,-1.51,8,true,
W2,A,515180,"红利ETF易方达",收藏夹,trend6,5.54,1.95,0.54,0.69,4,true,
W2,A,600378,"昊华科技",收藏夹,trend6,16.28,0.33,7.76,0.11,4,true,
W3,A,513260,"恒生科技ETF汇添富",收藏夹,trend2,-29.99,-4.04,3.05,-1.10,8,true,
W3,A,600378,"昊华科技",收藏夹,trend,1.11,6.09,18.52,0.62,12,true,
W3,A,603773,"沃格光电",收藏夹,trend3,2.37,-19.26,18.36,-0.82,4,true,
W3,A,515180,"红利ETF易方达",收藏夹,trend,5.84,0.83,2.61,0.25,12,true,
W3,A,603773,"沃格光电",收藏夹,trend5,2.37,-16.63,14.94,-0.87,4,true,
W3,A,513260,"恒生科技ETF汇添富",收藏夹,trend3,-29.99,-7.53,7.53,-2.53,2,true,
W3,A,600378,"昊华科技",收藏夹,trend2,1.11,5.09,4.35,0.59,8,true,
W3,A,513260,"恒生科技ETF汇添富",收藏夹,trend5,-29.99,-4.90,4.90,-2.04,2,true,
W3,A,515180,"红利ETF易方达",收藏夹,trend2,5.84,0.73,0.00,0.68,2,true,
W3,A,603773,"沃格光电",收藏夹,trend6,2.37,-20.29,11.76,-1.52,6,true,
W3,A,515180,"红利ETF易方达",收藏夹,trend3,5.84,-6.80,2.68,-1.61,6,true,
W3,A,600378,"昊华科技",收藏夹,trend3,1.11,-17.66,11.01,-1.46,6,true,
W3,A,513260,"恒生科技ETF汇添富",收藏夹,trend6,-29.99,-4.90,4.90,-2.04,2,true,
W3,A,600378,"昊华科技",收藏夹,trend5,1.11,-14.45,10.33,-1.18,6,true,
W4,A,603773,"沃格光电",收藏夹,trend,340.37,113.44,36.01,2.88,14,true,
W3,A,515180,"红利ETF易方达",收藏夹,trend5,5.84,-0.56,0.28,-0.17,4,true,
W4,A,603773,"沃格光电",收藏夹,trend2,340.37,29.64,9.98,1.42,6,true,
W4,A,513260,"恒生科技ETF汇添富",收藏夹,trend,-25.67,-2.78,2.78,-2.22,2,true,
W3,A,600378,"昊华科技",收藏夹,trend6,1.11,-6.98,5.22,-0.53,6,true,
W4,A,513260,"恒生科技ETF汇添富",收藏夹,trend2,-25.67,1.41,0.00,0.58,2,true,
W3,A,515180,"红利ETF易方达",收藏夹,trend6,5.84,0.61,0.28,0.25,4,true,
W4,A,603773,"沃格光电",收藏夹,trend3,340.37,67.45,18.36,2.02,8,true,
W4,A,515180,"红利ETF易方达",收藏夹,trend,-3.58,-1.23,1.78,-0.33,8,true,
W4,A,600378,"昊华科技",收藏夹,trend,86.18,54.27,4.16,2.51,14,true,
W4,A,513260,"恒生科技ETF汇添富",收藏夹,trend3,-25.67,-8.21,8.21,-2.96,2,true,
W4,A,600378,"昊华科技",收藏夹,trend2,86.18,86.91,9.00,3.55,8,true,
W4,A,603773,"沃格光电",收藏夹,trend5,340.37,90.95,14.94,2.55,8,true,
W4,A,515180,"红利ETF易方达",收藏夹,trend2,-3.58,-0.08,0.77,-0.04,4,true,
W4,A,603773,"沃格光电",收藏夹,trend6,340.37,98.10,11.76,2.69,8,true,
W4,A,513260,"恒生科技ETF汇添富",收藏夹,trend5,-25.67,0.00,0.00,0.00,0,true,
W4,A,600378,"昊华科技",收藏夹,trend3,86.18,62.64,9.47,2.73,4,true,
W4,A,513260,"恒生科技ETF汇添富",收藏夹,trend6,-25.67,0.00,0.00,0.00,0,true,
W4,A,515180,"红利ETF易方达",收藏夹,trend3,-3.58,-4.91,2.68,-1.35,4,true,
W1,A,515230,"软件ETF国泰",收藏夹,trend,9.22,7.24,4.33,0.61,10,true,
W4,A,515180,"红利ETF易方达",收藏夹,trend5,-3.58,-0.28,0.28,-0.10,2,true,
W4,A,600378,"昊华科技",收藏夹,trend5,86.18,42.91,13.06,2.23,6,true,
W1,A,300968,"格林精密",收藏夹,trend,37.16,16.95,44.61,0.80,10,true,
W4,A,600378,"昊华科技",收藏夹,trend6,86.18,42.91,13.06,2.23,6,true,
W1,A,515230,"软件ETF国泰",收藏夹,trend2,9.22,2.57,1.58,0.33,6,true,
W4,A,515180,"红利ETF易方达",收藏夹,trend6,-3.58,0.90,0.00,0.44,2,true,
W1,A,515230,"软件ETF国泰",收藏夹,trend3,9.22,-19.04,11.02,-1.17,6,true,
W1,A,300968,"格林精密",收藏夹,trend2,37.16,-27.13,14.24,-1.73,6,true,
W1,A,000572,"海马汽车",收藏夹,trend,0.74,12.60,36.81,0.78,12,true,
W1,A,300968,"格林精密",收藏夹,trend3,37.16,10.96,19.70,0.65,4,true,
W1,A,601318,"中国平安",收藏夹,trend,-17.82,-10.89,7.70,-1.17,8,true,
W1,A,515230,"软件ETF国泰",收藏夹,trend5,9.22,-15.44,9.59,-1.27,6,true,
W1,A,601318,"中国平安",收藏夹,trend2,-17.82,-15.28,8.37,-1.63,10,true,
W1,A,000572,"海马汽车",收藏夹,trend2,0.74,21.09,32.41,1.15,8,true,
W1,A,300968,"格林精密",收藏夹,trend5,37.16,16.64,15.59,0.80,4,true,
W1,A,000572,"海马汽车",收藏夹,trend3,0.74,4.85,34.40,0.45,4,true,
W1,A,515230,"软件ETF国泰",收藏夹,trend6,9.22,-15.44,9.59,-1.27,6,true,
W1,A,601318,"中国平安",收藏夹,trend3,-17.82,-12.87,9.47,-1.08,4,true,
W2,A,515230,"软件ETF国泰",收藏夹,trend,16.27,1.92,9.07,0.31,18,true,
W1,A,300968,"格林精密",收藏夹,trend6,37.16,16.64,15.59,0.80,4,true,
W1,A,000572,"海马汽车",收藏夹,trend5,0.74,6.09,27.83,0.51,4,true,
W2,A,300968,"格林精密",收藏夹,trend,-9.13,-14.02,4.22,-1.88,18,true,
W1,A,601318,"中国平安",收藏夹,trend5,-17.82,-18.64,10.67,-2.50,4,true,
W2,A,515230,"软件ETF国泰",收藏夹,trend2,16.27,-8.54,2.96,-1.88,8,true,
W1,A,601318,"中国平安",收藏夹,trend6,-17.82,-16.72,10.67,-2.26,4,true,
W1,A,000572,"海马汽车",收藏夹,trend6,0.74,12.82,23.25,0.83,4,true,
W2,A,300968,"格林精密",收藏夹,trend2,-9.13,-1.86,2.44,-0.25,6,true,
W2,A,000572,"海马汽车",收藏夹,trend,46.97,-6.00,8.99,-0.29,20,true,
W2,A,515230,"软件ETF国泰",收藏夹,trend3,16.27,12.71,0.00,1.51,2,true,
W2,A,601318,"中国平安",收藏夹,trend,10.82,0.18,8.17,0.10,24,true,
W2,A,515230,"软件ETF国泰",收藏夹,trend5,16.27,7.59,0.00,0.97,2,true,
W2,A,300968,"格林精密",收藏夹,trend3,-9.13,5.54,0.00,0.60,2,true,
W2,A,000572,"海马汽车",收藏夹,trend2,46.97,-11.35,7.72,-1.30,14,true,
W2,A,300968,"格林精密",收藏夹,trend5,-9.13,-7.59,5.10,-1.00,4,true,
W2,A,601318,"中国平安",收藏夹,trend2,10.82,0.93,0.00,1.03,2,true,
W2,A,515230,"软件ETF国泰",收藏夹,trend6,16.27,4.51,0.00,0.67,4,true,
W2,A,601318,"中国平安",收藏夹,trend3,10.82,8.17,0.00,1.05,2,true,
W2,A,000572,"海马汽车",收藏夹,trend3,46.97,23.29,9.33,1.36,4,true,
W2,A,300968,"格林精密",收藏夹,trend6,-9.13,-4.67,5.54,-0.61,4,true,
W2,A,000572,"海马汽车",收藏夹,trend5,46.97,4.52,10.98,0.45,6,true,
W3,A,515230,"软件ETF国泰",收藏夹,trend,-18.06,-0.83,4.38,0.01,6,true,
W2,A,601318,"中国平安",收藏夹,trend5,10.82,6.76,0.00,0.89,2,true,
W3,A,515230,"软件ETF国泰",收藏夹,trend2,-18.06,16.25,1.77,1.78,6,true,
W3,A,300968,"格林精密",收藏夹,trend,-25.69,0.27,2.58,0.12,6,true,
W2,A,000572,"海马汽车",收藏夹,trend6,46.97,9.77,6.50,0.80,6,true,
W3,A,300968,"格林精密",收藏夹,trend2,-25.69,-4.99,4.46,-0.97,4,true,
W2,A,601318,"中国平安",收藏夹,trend6,10.82,1.59,12.10,0.30,6,true,
W3,A,515230,"软件ETF国泰",收藏夹,trend3,-18.06,-19.10,10.26,-3.86,4,true,
W3,A,601318,"中国平安",收藏夹,trend,7.81,8.06,13.06,1.14,8,true,
W3,A,000572,"海马汽车",收藏夹,trend,4.34,26.23,36.09,1.22,8,true,
W3,A,300968,"格林精密",收藏夹,trend3,-25.69,-6.18,6.18,-0.88,2,true,
W3,A,000572,"海马汽车",收藏夹,trend2,4.34,-2.79,2.79,-1.47,2,true,
W3,A,515230,"软件ETF国泰",收藏夹,trend5,-18.06,-7.21,7.21,-2.55,2,true,
W3,A,601318,"中国平安",收藏夹,trend2,7.81,4.02,6.79,0.78,6,true,
W3,A,515230,"软件ETF国泰",收藏夹,trend6,-18.06,-7.21,7.21,-2.55,2,true,
W3,A,300968,"格林精密",收藏夹,trend5,-25.69,0.00,0.00,0.00,0,true,
W3,A,000572,"海马汽车",收藏夹,trend3,4.34,13.24,3.39,0.78,4,true,
W3,A,300968,"格林精密",收藏夹,trend6,-25.69,0.00,0.00,0.00,0,true,
W3,A,601318,"中国平安",收藏夹,trend3,7.81,4.75,19.87,0.58,4,true,
W4,A,515230,"软件ETF国泰",收藏夹,trend,-35.36,-4.26,4.26,-1.35,2,true,
W3,A,601318,"中国平安",收藏夹,trend5,7.81,1.68,14.19,0.29,6,true,
W3,A,000572,"海马汽车",收藏夹,trend5,4.34,13.24,3.39,0.78,4,true,
W4,A,300968,"格林精密",收藏夹,trend,-32.33,-2.82,2.82,-0.86,2,true,
W3,A,000572,"海马汽车",收藏夹,trend6,4.34,13.24,3.39,0.78,4,true,
W4,A,515230,"软件ETF国泰",收藏夹,trend2,-35.36,-11.83,9.49,-3.79,6,true,
W3,A,601318,"中国平安",收藏夹,trend6,7.81,5.23,14.99,0.71,6,true,
W4,A,515230,"软件ETF国泰",收藏夹,trend3,-35.36,-9.85,9.85,-3.29,2,true,
W4,A,300968,"格林精密",收藏夹,trend2,-32.33,-2.74,2.74,-1.57,2,true,
W4,A,000572,"海马汽车",收藏夹,trend,-47.00,0.00,0.00,0.00,0,true,
W4,A,300968,"格林精密",收藏夹,trend3,-32.33,0.00,0.00,0.00,0,true,
W4,A,601318,"中国平安",收藏夹,trend,-25.24,-6.58,3.46,-3.28,4,true,
W4,A,515230,"软件ETF国泰",收藏夹,trend5,-35.36,-7.21,7.21,-2.73,2,true,
W4,A,000572,"海马汽车",收藏夹,trend2,-47.00,0.00,0.00,0.00,0,true,
W4,A,300968,"格林精密",收藏夹,trend5,-32.33,0.00,0.00,0.00,0,true,
W4,A,601318,"中国平安",收藏夹,trend2,-25.24,-4.13,2.95,-1.50,6,true,
W4,A,515230,"软件ETF国泰",收藏夹,trend6,-35.36,-7.21,7.21,-2.73,2,true,
W4,A,000572,"海马汽车",收藏夹,trend3,-47.00,0.00,0.00,0.00,0,true,
W1,A,520700,"港股通创新药ETF万家",收藏夹,trend,24.43,17.04,11.22,1.82,6,true,
W4,A,300968,"格林精密",收藏夹,trend6,-32.33,0.00,0.00,0.00,0,true,
W4,A,601318,"中国平安",收藏夹,trend3,-25.24,-8.38,8.38,-3.44,2,true,
W1,A,516770,"游戏ETF华泰柏瑞",收藏夹,trend,7.22,-9.36,11.67,-0.49,16,true,
W4,A,000572,"海马汽车",收藏夹,trend5,-47.00,0.00,0.00,0.00,0,true,
W1,A,520700,"港股通创新药ETF万家",收藏夹,trend2,24.43,7.41,1.20,1.14,10,true,
W4,A,000572,"海马汽车",收藏夹,trend6,-47.00,0.00,0.00,0.00,0,true,
W4,A,601318,"中国平安",收藏夹,trend5,-25.24,-6.27,6.27,-3.42,2,true,
W1,A,516770,"游戏ETF华泰柏瑞",收藏夹,trend2,7.22,13.62,23.53,1.10,6,true,
W4,A,601318,"中国平安",收藏夹,trend6,-25.24,-5.09,5.09,-3.01,2,true,
W1,A,520700,"港股通创新药ETF万家",收藏夹,trend3,24.43,19.34,0.00,1.92,2,true,
W1,A,600519,"贵州茅台",A大盘,trend,-17.99,-0.84,4.57,-0.10,10,true,
W1,A,520700,"港股通创新药ETF万家",收藏夹,trend5,24.43,19.34,0.00,1.92,2,true,
W1,A,516770,"游戏ETF华泰柏瑞",收藏夹,trend3,7.22,-18.49,14.89,-1.39,4,true,
W1,A,600036,"招商银行",A大盘,trend,3.91,-2.80,3.65,-0.21,12,true,
W1,A,516770,"游戏ETF华泰柏瑞",收藏夹,trend5,7.22,-11.98,8.70,-0.86,4,true,
W1,A,600519,"贵州茅台",A大盘,trend2,-17.99,-7.43,5.48,-1.85,8,true,
W1,A,520700,"港股通创新药ETF万家",收藏夹,trend6,24.43,3.48,6.05,0.52,6,true,
W1,A,600036,"招商银行",A大盘,trend2,3.91,-5.11,4.00,-0.52,4,true,
W1,A,516770,"游戏ETF华泰柏瑞",收藏夹,trend6,7.22,-18.49,8.70,-1.92,6,true,
W1,A,600519,"贵州茅台",A大盘,trend3,-17.99,-8.53,8.98,-1.52,4,true,
W2,A,520700,"港股通创新药ETF万家",收藏夹,trend,65.94,21.29,23.90,1.36,16,true,
W1,A,600036,"招商银行",A大盘,trend3,3.91,11.41,0.00,1.37,2,true,
W2,A,520700,"港股通创新药ETF万家",收藏夹,trend2,65.94,4.61,0.00,0.72,2,true,
W2,A,516770,"游戏ETF华泰柏瑞",收藏夹,trend,42.91,12.03,8.98,1.21,14,true,
W1,A,600519,"贵州茅台",A大盘,trend5,-17.99,-6.36,6.81,-1.16,4,true,
W2,A,516770,"游戏ETF华泰柏瑞",收藏夹,trend2,42.91,-12.55,5.79,-1.89,16,true,
W1,A,600036,"招商银行",A大盘,trend5,3.91,1.32,1.09,0.25,6,true,
W2,A,520700,"港股通创新药ETF万家",收藏夹,trend3,65.94,40.33,12.70,2.12,4,true,
W1,A,600036,"招商银行",A大盘,trend6,3.91,1.32,1.09,0.25,6,true,
W1,A,600519,"贵州茅台",A大盘,trend6,-17.99,-4.95,5.73,-0.90,4,true,
W2,A,516770,"游戏ETF华泰柏瑞",收藏夹,trend3,42.91,34.47,0.00,2.63,2,true,
W2,A,600519,"贵州茅台",A大盘,trend,-6.11,-1.85,2.59,-0.43,8,true,
W2,A,520700,"港股通创新药ETF万家",收藏夹,trend5,65.94,37.77,12.70,2.01,4,true,
W2,A,600036,"招商银行",A大盘,trend,-2.16,3.61,6.75,0.77,12,true,
W2,A,520700,"港股通创新药ETF万家",收藏夹,trend6,65.94,14.04,17.10,0.99,8,true,
W2,A,516770,"游戏ETF华泰柏瑞",收藏夹,trend5,42.91,21.40,0.15,2.20,4,true,
W2,A,600519,"贵州茅台",A大盘,trend2,-6.11,-1.52,0.82,-0.60,6,true,
W2,A,516770,"游戏ETF华泰柏瑞",收藏夹,trend6,42.91,12.61,1.27,1.49,6,true,
W2,A,600036,"招商银行",A大盘,trend2,-2.16,-1.80,1.80,-1.42,2,true,
W3,A,520700,"港股通创新药ETF万家",收藏夹,trend,-16.48,0.00,0.00,0.00,0,true,
W2,A,600036,"招商银行",A大盘,trend3,-2.16,1.96,0.00,0.48,2,true,
W2,A,600519,"贵州茅台",A大盘,trend3,-6.11,-2.54,1.81,-0.49,4,true,
W3,A,516770,"游戏ETF华泰柏瑞",收藏夹,trend,-16.70,3.12,16.62,0.48,4,true,
W2,A,600519,"贵州茅台",A大盘,trend5,-6.11,-3.60,3.24,-1.01,4,true,
W3,A,520700,"港股通创新药ETF万家",收藏夹,trend2,-16.48,4.96,2.26,0.99,4,true,
W2,A,600036,"招商银行",A大盘,trend5,-2.16,0.54,0.00,0.16,2,true,
W3,A,520700,"港股通创新药ETF万家",收藏夹,trend3,-16.48,0.00,0.00,0.00,0,true,
W3,A,516770,"游戏ETF华泰柏瑞",收藏夹,trend2,-16.70,-7.17,5.45,-2.69,4,true,
W2,A,600519,"贵州茅台",A大盘,trend6,-6.11,-2.61,2.25,-0.74,4,true,
W3,A,516770,"游戏ETF华泰柏瑞",收藏夹,trend3,-16.70,0.95,0.00,0.21,2,true,
W2,A,600036,"招商银行",A大盘,trend6,-2.16,4.00,0.00,0.95,2,true,
W3,A,520700,"港股通创新药ETF万家",收藏夹,trend5,-16.48,0.00,0.00,0.00,0,true,
W3,A,600519,"贵州茅台",A大盘,trend,3.36,-0.49,1.27,-0.09,4,true,
W3,A,516770,"游戏ETF华泰柏瑞",收藏夹,trend5,-16.70,0.00,0.00,0.00,0,true,
W3,A,600036,"招商银行",A大盘,trend,1.59,-2.37,1.30,-1.27,12,true,
W3,A,520700,"港股通创新药ETF万家",收藏夹,trend6,-16.48,0.00,0.00,0.00,0,true,
W3,A,600519,"贵州茅台",A大盘,trend2,3.36,2.68,1.25,0.67,10,true,
W3,A,516770,"游戏ETF华泰柏瑞",收藏夹,trend6,-16.70,0.00,0.00,0.00,0,true,
W3,A,600036,"招商银行",A大盘,trend2,1.59,-0.82,1.88,-0.37,10,true,
W4,A,520700,"港股通创新药ETF万家",收藏夹,trend,-26.73,-2.02,3.30,-0.57,4,true,
W3,A,600036,"招商银行",A大盘,trend3,1.59,-3.67,3.67,-1.04,2,true,
W3,A,600519,"贵州茅台",A大盘,trend3,3.36,0.00,0.00,0.00,0,true,
W4,A,516770,"游戏ETF华泰柏瑞",收藏夹,trend,-38.45,-7.27,7.27,-2.19,2,true,
W3,A,600519,"贵州茅台",A大盘,trend5,3.36,0.00,0.00,0.00,0,true,
W4,A,520700,"港股通创新药ETF万家",收藏夹,trend2,-26.73,4.05,2.26,0.86,4,true,
W3,A,600036,"招商银行",A大盘,trend5,1.59,-4.12,4.12,-1.88,2,true,
W4,A,520700,"港股通创新药ETF万家",收藏夹,trend3,-26.73,0.00,0.00,0.00,0,true,
W4,A,516770,"游戏ETF华泰柏瑞",收藏夹,trend2,-38.45,-6.75,4.91,-2.47,4,true,
W3,A,600519,"贵州茅台",A大盘,trend6,3.36,0.00,0.00,0.00,0,true,
W4,A,516770,"游戏ETF华泰柏瑞",收藏夹,trend3,-38.45,0.00,0.00,0.00,0,true,
W3,A,600036,"招商银行",A大盘,trend6,1.59,-0.97,0.97,-2.00,2,true,
W4,A,520700,"港股通创新药ETF万家",收藏夹,trend5,-26.73,0.00,0.00,0.00,0,true,
W4,A,600036,"招商银行",A大盘,trend,-7.28,-3.23,1.30,-2.38,6,true,
W4,A,600519,"贵州茅台",A大盘,trend,-14.84,-6.07,4.86,-1.45,8,true,
W4,A,516770,"游戏ETF华泰柏瑞",收藏夹,trend5,-38.45,0.00,0.00,0.00,0,true,
W4,A,600519,"贵州茅台",A大盘,trend2,-14.84,5.45,0.00,1.45,2,true,
W4,A,520700,"港股通创新药ETF万家",收藏夹,trend6,-26.73,0.00,0.00,0.00,0,true,
W4,A,600036,"招商银行",A大盘,trend2,-7.28,0.11,1.88,0.08,10,true,
W1,A,600900,"长江电力",A大盘,trend,-12.64,-4.49,1.67,-2.34,10,true,
W4,A,516770,"游戏ETF华泰柏瑞",收藏夹,trend6,-38.45,0.00,0.00,0.00,0,true,
W4,A,600519,"贵州茅台",A大盘,trend3,-14.84,0.00,0.00,0.00,0,true,
W1,A,600276,"恒瑞医药",A大盘,trend,-10.03,-6.00,10.45,-0.60,12,true,
W4,A,600036,"招商银行",A大盘,trend3,-7.28,0.00,0.00,0.00,0,true,
W1,A,600900,"长江电力",A大盘,trend2,-12.64,-0.45,0.86,-0.48,4,true,
W4,A,600036,"招商银行",A大盘,trend5,-7.28,0.00,0.00,0.00,0,true,
W4,A,600519,"贵州茅台",A大盘,trend5,-14.84,0.00,0.00,0.00,0,true,
W1,A,600276,"恒瑞医药",A大盘,trend2,-10.03,-23.02,12.28,-3.32,14,true,
W4,A,600519,"贵州茅台",A大盘,trend6,-14.84,0.00,0.00,0.00,0,true,
W1,A,600900,"长江电力",A大盘,trend3,-12.64,-4.08,4.08,-1.60,2,true,
W4,A,600036,"招商银行",A大盘,trend6,-7.28,0.00,0.00,0.00,0,true,
W1,A,600900,"长江电力",A大盘,trend5,-12.64,-3.77,3.77,-1.47,2,true,
W1,A,600276,"恒瑞医药",A大盘,trend3,-10.03,-13.71,12.28,-1.66,6,true,
W1,A,000858,"五粮液",A大盘,trend,-26.05,-18.92,12.88,-1.92,10,true,
W1,A,600276,"恒瑞医药",A大盘,trend5,-10.03,-10.79,8.15,-1.51,6,true,
W1,A,000333,"美的集团",A大盘,trend,-10.39,-8.05,5.50,-0.84,10,true,
W1,A,600900,"长江电力",A大盘,trend6,-12.64,-2.01,2.01,-1.08,2,true,
W1,A,000333,"美的集团",A大盘,trend2,-10.39,-3.35,6.49,-0.39,4,true,
W1,A,000858,"五粮液",A大盘,trend2,-26.05,-15.82,12.88,-1.99,8,true,
W1,A,600276,"恒瑞医药",A大盘,trend6,-10.03,-6.23,7.79,-0.90,6,true,
W1,A,000858,"五粮液",A大盘,trend3,-26.05,-11.27,11.27,-3.12,2,true,
W2,A,600900,"长江电力",A大盘,trend,0.49,3.45,6.05,0.74,14,true,
W1,A,000333,"美的集团",A大盘,trend3,-10.39,-20.47,11.51,-2.38,6,true,
W2,A,600900,"长江电力",A大盘,trend2,0.49,-1.08,1.08,-1.42,2,true,
W2,A,600276,"恒瑞医药",A大盘,trend,46.21,-9.11,7.68,-0.75,24,true,
W1,A,000858,"五粮液",A大盘,trend5,-26.05,-8.39,8.39,-2.88,2,true,
W2,A,600276,"恒瑞医药",A大盘,trend2,46.21,-12.46,11.50,-1.34,12,true,
W1,A,000858,"五粮液",A大盘,trend6,-26.05,-8.39,8.39,-2.88,2,true,
W1,A,000333,"美的集团",A大盘,trend5,-10.39,-13.11,9.33,-1.76,4,true,
W2,A,600900,"长江电力",A大盘,trend3,0.49,1.19,0.00,0.32,2,true,
W2,A,000858,"五粮液",A大盘,trend,-5.40,-9.44,3.23,-3.39,8,true,
W1,A,000333,"美的集团",A大盘,trend6,-10.39,-13.11,9.33,-1.76,4,true,
W2,A,600276,"恒瑞医药",A大盘,trend3,46.21,38.81,0.00,2.11,2,true,
W2,A,000333,"美的集团",A大盘,trend,-2.65,0.67,0.65,0.23,10,true,
W2,A,600900,"长江电力",A大盘,trend5,0.49,0.32,0.00,0.12,2,true,
W2,A,000858,"五粮液",A大盘,trend2,-5.40,3.71,0.57,1.30,4,true,
W2,A,600900,"长江电力",A大盘,trend6,0.49,-3.07,2.71,-0.83,6,true,
W2,A,600276,"恒瑞医药",A大盘,trend5,46.21,31.18,6.03,1.83,4,true,
W2,A,000333,"美的集团",A大盘,trend2,-2.65,2.48,6.07,1.10,8,true,
W2,A,600276,"恒瑞医药",A大盘,trend6,46.21,-4.08,6.21,-0.27,12,true,
W2,A,000858,"五粮液",A大盘,trend3,-5.40,-2.66,2.66,-0.53,2,true,
W3,A,600900,"长江电力",A大盘,trend,-0.44,0.57,1.35,0.43,6,true,
W2,A,000858,"五粮液",A大盘,trend5,-5.40,-3.50,3.50,-1.91,2,true,
W2,A,000333,"美的集团",A大盘,trend3,-2.65,-8.93,4.51,-1.49,6,true,
W3,A,600276,"恒瑞医药",A大盘,trend,-19.38,-1.07,1.07,-0.79,2,true,
W2,A,000333,"美的集团",A大盘,trend5,-2.65,-8.39,3.91,-1.83,6,true,
W3,A,600900,"长江电力",A大盘,trend2,-0.44,0.20,1.10,0.21,4,true,
W2,A,000858,"五粮液",A大盘,trend6,-5.40,-3.50,3.50,-1.91,2,true,
W3,A,600900,"长江电力",A大盘,trend3,-0.44,-2.16,2.16,-1.14,2,true,
W3,A,600276,"恒瑞医药",A大盘,trend2,-19.38,-3.19,2.07,-1.83,6,true,
W2,A,000333,"美的集团",A大盘,trend6,-2.65,-5.59,2.32,-1.37,6,true,
W3,A,600276,"恒瑞医药",A大盘,trend3,-19.38,0.00,0.00,0.00,0,true,
W3,A,000858,"五粮液",A大盘,trend,-12.18,0.00,0.00,0.00,0,true,
W3,A,600900,"长江电力",A大盘,trend5,-0.44,-2.39,2.39,-2.91,2,true,
W3,A,000858,"五粮液",A大盘,trend2,-12.18,-3.86,1.92,-2.04,12,true,
W3,A,000333,"美的集团",A大盘,trend,6.93,3.33,5.56,0.79,10,true,
W3,A,600276,"恒瑞医药",A大盘,trend5,-19.38,0.00,0.00,0.00,0,true,
W3,A,000333,"美的集团",A大盘,trend2,6.93,0.72,0.00,0.67,2,true,
W3,A,600900,"长江电力",A大盘,trend6,-0.44,-0.99,0.99,-2.10,2,true,
W3,A,000858,"五粮液",A大盘,trend3,-12.18,0.00,0.00,0.00,0,true,
W4,A,600900,"长江电力",A大盘,trend,-2.13,-1.65,2.11,-0.58,12,true,
W3,A,600276,"恒瑞医药",A大盘,trend6,-19.38,0.00,0.00,0.00,0,true,
W3,A,000333,"美的集团",A大盘,trend3,6.93,4.81,0.00,1.14,2,true,
W4,A,600276,"恒瑞医药",A大盘,trend,-24.46,-8.24,3.93,-3.19,6,true,
W3,A,000858,"五粮液",A大盘,trend5,-12.18,0.00,0.00,0.00,0,true,
W4,A,600900,"长江电力",A大盘,trend2,-2.13,-0.97,0.52,-1.82,4,true,
W3,A,000858,"五粮液",A大盘,trend6,-12.18,0.00,0.00,0.00,0,true,
W3,A,000333,"美的集团",A大盘,trend5,6.93,1.86,0.00,0.42,2,true,
W4,A,600276,"恒瑞医药",A大盘,trend2,-24.46,-5.46,2.35,-2.78,8,true,
W3,A,000333,"美的集团",A大盘,trend6,6.93,6.00,0.00,1.51,2,true,
W4,A,600900,"长江电力",A大盘,trend3,-2.13,-1.17,1.17,-0.33,2,true,
W4,A,000858,"五粮液",A大盘,trend,-30.41,0.00,0.00,0.00,0,true,
W4,A,600900,"长江电力",A大盘,trend5,-2.13,-3.05,2.42,-1.20,4,true,
W4,A,600276,"恒瑞医药",A大盘,trend3,-24.46,0.00,0.00,0.00,0,true,
W4,A,000333,"美的集团",A大盘,trend,0.13,-4.00,4.87,-0.91,14,true,
W4,A,600276,"恒瑞医药",A大盘,trend5,-24.46,0.00,0.00,0.00,0,true,
W4,A,000858,"五粮液",A大盘,trend2,-30.41,-4.51,1.92,-2.11,8,true,
W4,A,600900,"长江电力",A大盘,trend6,-2.13,-2.21,1.57,-1.02,4,true,
W4,A,000858,"五粮液",A大盘,trend3,-30.41,0.00,0.00,0.00,0,true,
W4,A,000333,"美的集团",A大盘,trend2,0.13,-1.88,1.62,-2.17,4,true,
W4,A,600276,"恒瑞医药",A大盘,trend6,-24.46,0.00,0.00,0.00,0,true,
W4,A,000333,"美的集团",A大盘,trend3,0.13,-1.85,1.85,-0.33,2,true,
W1,A,600887,"伊利股份",A大盘,trend,-13.25,-4.27,10.13,-0.63,14,true,
W4,A,000858,"五粮液",A大盘,trend5,-30.41,0.00,0.00,0.00,0,true,
W1,A,600887,"伊利股份",A大盘,trend2,-13.25,-9.37,4.48,-3.37,8,true,
W1,A,300750,"宁德时代",A大盘,trend,-16.19,-25.58,20.05,-2.23,10,true,
W4,A,000333,"美的集团",A大盘,trend5,0.13,-2.52,2.32,-0.62,4,true,
W1,A,300750,"宁德时代",A大盘,trend2,-16.19,-18.63,20.25,-1.53,6,true,
W4,A,000858,"五粮液",A大盘,trend6,-30.41,0.00,0.00,0.00,0,true,
W1,A,600887,"伊利股份",A大盘,trend3,-13.25,-2.80,2.80,-0.33,2,true,
W1,A,002594,"比亚迪",A大盘,trend,8.22,13.41,26.76,1.09,8,true,
W4,A,000333,"美的集团",A大盘,trend6,0.13,-2.52,2.32,-0.62,4,true,
W1,A,300750,"宁德时代",A大盘,trend3,-16.19,-24.21,15.42,-1.71,6,true,
W1,A,600030,"中信证券",A大盘,trend,-11.29,-15.42,11.92,-1.33,10,true,
W1,A,600887,"伊利股份",A大盘,trend5,-13.25,-6.47,6.15,-1.15,4,true,
W1,A,002594,"比亚迪",A大盘,trend2,8.22,-6.61,11.62,-0.56,10,true,
W1,A,600887,"伊利股份",A大盘,trend6,-13.25,-2.76,2.42,-0.47,4,true,
W1,A,300750,"宁德时代",A大盘,trend5,-16.19,-24.48,15.42,-2.03,6,true,
W1,A,600030,"中信证券",A大盘,trend2,-11.29,-15.40,12.23,-2.25,8,true,
W1,A,300750,"宁德时代",A大盘,trend6,-16.19,-20.23,15.42,-1.69,6,true,
W1,A,002594,"比亚迪",A大盘,trend3,8.22,-6.32,11.62,-0.38,4,true,
W2,A,600887,"伊利股份",A大盘,trend,1.61,-4.87,4.71,-0.90,14,true,
W1,A,002594,"比亚迪",A大盘,trend5,8.22,-11.53,8.45,-1.03,6,true,
W1,A,600030,"中信证券",A大盘,trend3,-11.29,-13.52,13.10,-1.11,4,true,
W2,A,300750,"宁德时代",A大盘,trend,64.28,36.27,14.49,2.29,14,true,
W1,A,600030,"中信证券",A大盘,trend5,-11.29,-8.00,7.56,-0.61,4,true,
W2,A,600887,"伊利股份",A大盘,trend2,1.61,-0.56,1.01,-0.22,4,true,
W1,A,002594,"比亚迪",A大盘,trend6,8.22,-11.53,8.45,-1.03,6,true,
W2,A,600887,"伊利股份",A大盘,trend3,1.61,-7.33,6.40,-1.45,4,true,
W2,A,300750,"宁德时代",A大盘,trend2,64.28,34.13,3.99,2.32,8,true,
W1,A,600030,"中信证券",A大盘,trend6,-11.29,-8.00,7.56,-0.61,4,true,
W2,A,300750,"宁德时代",A大盘,trend3,64.28,24.80,9.05,1.70,6,true,
W2,A,002594,"比亚迪",A大盘,trend,-12.35,-3.25,6.56,-0.40,8,true,
W2,A,600887,"伊利股份",A大盘,trend5,1.61,-4.09,3.73,-1.12,4,true,
W2,A,002594,"比亚迪",A大盘,trend2,-12.35,-7.53,3.55,-1.38,10,true,
W2,A,600030,"中信证券",A大盘,trend,14.33,9.07,8.52,1.17,8,true,
W2,A,300750,"宁德时代",A大盘,trend5,64.28,33.07,0.00,2.28,4,true,
W2,A,600030,"中信证券",A大盘,trend2,14.33,1.91,3.66,0.46,4,true,
W2,A,600887,"伊利股份",A大盘,trend6,1.61,-0.76,3.90,-0.20,4,true,
W2,A,002594,"比亚迪",A大盘,trend3,-12.35,-8.17,8.17,-1.63,2,true,
W3,A,600887,"伊利股份",A大盘,trend,-1.36,2.63,3.89,0.82,6,true,
W2,A,300750,"宁德时代",A大盘,trend6,64.28,33.07,0.00,2.28,4,true,
W2,A,600030,"中信证券",A大盘,trend3,14.33,12.30,0.00,1.39,2,true,
W3,A,300750,"宁德时代",A大盘,trend,1.46,-12.93,6.93,-1.92,12,true,
W2,A,002594,"比亚迪",A大盘,trend5,-12.35,-8.17,8.17,-1.63,2,true,
W3,A,600887,"伊利股份",A大盘,trend2,-1.36,-1.80,1.74,-0.97,6,true,
W2,A,002594,"比亚迪",A大盘,trend6,-12.35,-5.73,5.73,-1.19,2,true,
W2,A,600030,"中信证券",A大盘,trend5,14.33,5.61,0.00,0.78,2,true,
W3,A,300750,"宁德时代",A大盘,trend2,1.46,0.00,0.00,0.00,0,true,
W2,A,600030,"中信证券",A大盘,trend6,14.33,1.77,2.00,0.35,4,true,
W3,A,600887,"伊利股份",A大盘,trend3,-1.36,-6.52,6.52,-1.70,2,true,
W3,A,002594,"比亚迪",A大盘,trend,-5.54,1.94,6.98,0.34,8,true,
W3,A,600887,"伊利股份",A大盘,trend5,-1.36,-9.49,6.09,-2.75,4,true,
W3,A,300750,"宁德时代",A大盘,trend3,1.46,-9.81,9.20,-0.76,4,true,
W3,A,600030,"中信证券",A大盘,trend,-16.61,-4.67,2.76,-1.14,6,true,
W3,A,300750,"宁德时代",A大盘,trend5,1.46,-18.36,8.86,-2.71,6,true,
W3,A,002594,"比亚迪",A大盘,trend2,-5.54,-1.36,1.75,-0.18,10,true,
W3,A,600887,"伊利股份",A大盘,trend6,-1.36,-3.63,2.34,-1.76,4,true,
W3,A,002594,"比亚迪",A大盘,trend3,-5.54,-4.63,4.63,-1.42,2,true,
W3,A,600030,"中信证券",A大盘,trend2,-16.61,-4.67,2.07,-1.58,10,true,
W3,A,300750,"宁德时代",A大盘,trend6,1.46,-17.13,8.78,-2.65,6,true,
W3,A,600030,"中信证券",A大盘,trend3,-16.61,-5.60,5.60,-2.06,2,true,
W4,A,600887,"伊利股份",A大盘,trend,-9.61,-1.07,1.07,-2.23,2,true,
W3,A,002594,"比亚迪",A大盘,trend5,-5.54,-4.63,4.63,-1.42,2,true,
W4,A,600887,"伊利股份",A大盘,trend2,-9.61,-1.32,2.17,-0.84,6,true,
W4,A,300750,"宁德时代",A大盘,trend,8.96,-10.60,6.25,-1.54,14,true,
W3,A,600030,"中信证券",A大盘,trend5,-16.61,0.00,0.00,0.00,0,true,
W4,A,300750,"宁德时代",A大盘,trend2,8.96,-14.82,5.92,-2.94,8,true,
W3,A,002594,"比亚迪",A大盘,trend6,-5.54,-4.63,4.63,-1.42,2,true,
W4,A,600887,"伊利股份",A大盘,trend3,-9.61,0.00,0.00,0.00,0,true,
W4,A,002594,"比亚迪",A大盘,trend,-10.98,4.72,9.25,0.82,6,true,
W3,A,600030,"中信证券",A大盘,trend6,-16.61,0.00,0.00,0.00,0,true,
W4,A,300750,"宁德时代",A大盘,trend3,8.96,2.52,0.00,0.36,2,true,
W4,A,600030,"中信证券",A大盘,trend,-5.65,-1.11,1.79,-0.37,6,true,
W4,A,600887,"伊利股份",A大盘,trend5,-9.61,0.00,0.00,0.00,0,true,
W4,A,002594,"比亚迪",A大盘,trend2,-10.98,2.13,1.75,0.47,4,true,
W4,A,600887,"伊利股份",A大盘,trend6,-9.61,0.00,0.00,0.00,0,true,
W4,A,300750,"宁德时代",A大盘,trend5,8.96,-7.66,7.00,-0.78,4,true,
W4,A,600030,"中信证券",A大盘,trend2,-5.65,-2.09,1.30,-1.56,4,true,
W4,A,300750,"宁德时代",A大盘,trend6,8.96,-4.08,6.54,-0.36,4,true,
W4,A,002594,"比亚迪",A大盘,trend3,-10.98,-7.59,7.59,-1.36,2,true,
W1,A,601899,"紫金矿业",A大盘,trend,-8.93,-6.80,2.91,-1.06,12,true,
W4,A,002594,"比亚迪",A大盘,trend5,-10.98,-8.01,8.01,-2.34,2,true,
W4,A,600030,"中信证券",A大盘,trend3,-5.65,1.03,0.00,0.43,2,true,
W1,A,601088,"中国神华",A大盘,trend,-19.27,-1.64,3.07,-0.36,8,true,
W4,A,600030,"中信证券",A大盘,trend5,-5.65,-2.53,2.53,-1.32,2,true,
W1,A,601899,"紫金矿业",A大盘,trend2,-8.93,-2.61,7.69,-0.27,12,true,
W4,A,002594,"比亚迪",A大盘,trend6,-10.98,-5.56,5.56,-1.80,2,true,
W1,A,601899,"紫金矿业",A大盘,trend3,-8.93,-14.20,12.64,-1.78,6,true,
W1,A,601088,"中国神华",A大盘,trend2,-19.27,-1.21,3.66,-0.33,8,true,
W4,A,600030,"中信证券",A大盘,trend6,-5.65,-2.53,2.53,-1.32,2,true,
W1,A,601088,"中国神华",A大盘,trend3,-19.27,-7.46,7.46,-1.31,2,true,
W1,A,600028,"中国石化",A大盘,trend,-25.76,-12.01,6.59,-2.11,10,true,
W1,A,601899,"紫金矿业",A大盘,trend5,-8.93,2.65,0.00,0.59,2,true,
W1,A,600028,"中国石化",A大盘,trend2,-25.76,-0.99,1.17,-0.71,6,true,
W1,A,002415,"海康威视",A大盘,trend,-15.03,-22.40,13.13,-2.56,16,true,
W1,A,601088,"中国神华",A大盘,trend5,-19.27,-7.46,7.46,-1.31,2,true,
W1,A,002415,"海康威视",A大盘,trend2,-15.03,-15.40,14.13,-2.05,4,true,
W1,A,601899,"紫金矿业",A大盘,trend6,-8.93,2.65,0.00,0.59,2,true,
W1,A,600028,"中国石化",A大盘,trend3,-25.76,-11.83,11.83,-1.77,2,true,
W2,A,601899,"紫金矿业",A大盘,trend,66.33,23.33,5.44,1.76,18,true,
W1,A,601088,"中国神华",A大盘,trend6,-19.27,-6.36,3.50,-1.64,4,true,
W1,A,002415,"海康威视",A大盘,trend3,-15.03,-20.21,8.27,-3.31,6,true,
W2,A,601088,"中国神华",A大盘,trend,7.05,-16.65,5.85,-2.52,32,true,
W1,A,600028,"中国石化",A大盘,trend5,-25.76,-8.53,8.53,-1.32,2,true,
W2,A,601899,"紫金矿业",A大盘,trend2,66.33,7.05,4.50,0.88,4,true,
W1,A,600028,"中国石化",A大盘,trend6,-25.76,-7.78,7.78,-1.23,2,true,
W1,A,002415,"海康威视",A大盘,trend5,-15.03,-7.77,7.15,-1.49,4,true,
W2,A,601088,"中国神华",A大盘,trend2,7.05,0.00,0.00,0.00,0,true,
W1,A,002415,"海康威视",A大盘,trend6,-15.03,-6.02,5.39,-1.16,4,true,
W2,A,601899,"紫金矿业",A大盘,trend3,66.33,62.65,0.00,3.25,2,true,
W2,A,600028,"中国石化",A大盘,trend,-4.29,-7.82,8.83,-1.29,14,true,
W2,A,601899,"紫金矿业",A大盘,trend5,66.33,62.65,0.00,3.25,2,true,
W2,A,601088,"中国神华",A大盘,trend3,7.05,-3.62,2.55,-0.37,4,true,
W2,A,002415,"海康威视",A大盘,trend,5.18,3.76,7.59,0.77,12,true,
W2,A,601088,"中国神华",A大盘,trend5,7.05,-4.62,4.36,-0.84,4,true,
W2,A,600028,"中国石化",A大盘,trend2,-4.29,-0.75,0.75,-0.32,2,true,
W2,A,601899,"紫金矿业",A大盘,trend6,66.33,27.40,4.92,1.89,10,true,
W2,A,600028,"中国石化",A大盘,trend3,-4.29,-1.45,1.45,-0.20,2,true,
W2,A,002415,"海康威视",A大盘,trend2,5.18,-2.42,1.53,-1.08,14,true,
W2,A,601088,"中国神华",A大盘,trend6,7.05,-6.90,4.36,-1.42,6,true,
W2,A,002415,"海康威视",A大盘,trend3,5.18,8.62,0.00,1.37,2,true,
W3,A,601899,"紫金矿业",A大盘,trend,9.39,2.20,20.84,0.31,12,true,
W2,A,600028,"中国石化",A大盘,trend5,-4.29,-2.67,2.31,-0.48,4,true,
W3,A,601899,"紫金矿业",A大盘,trend2,9.39,14.54,0.00,1.92,2,true,
W3,A,601088,"中国神华",A大盘,trend,24.99,7.27,12.78,0.89,16,true,
W2,A,002415,"海康威视",A大盘,trend5,5.18,8.62,0.00,1.37,2,true,
W3,A,601088,"中国神华",A大盘,trend2,24.99,-1.30,4.83,-0.17,6,true,
W2,A,600028,"中国石化",A大盘,trend6,-4.29,-2.67,2.31,-0.48,4,true,
W3,A,601899,"紫金矿业",A大盘,trend3,9.39,2.49,12.32,0.33,4,true,
W3,A,600028,"中国石化",A大盘,trend,11.59,-9.83,10.17,-0.74,16,true,
W2,A,002415,"海康威视",A大盘,trend6,5.18,3.78,1.84,0.78,4,true,
W3,A,601088,"中国神华",A大盘,trend3,24.99,15.51,0.00,1.60,4,true,
W3,A,002415,"海康威视",A大盘,trend,-2.22,-5.40,4.27,-0.95,8,true,
W3,A,601899,"紫金矿业",A大盘,trend5,9.39,6.49,8.89,0.60,4,true,
W3,A,600028,"中国石化",A大盘,trend2,11.59,-6.12,9.56,-0.53,4,true,
W3,A,601899,"紫金矿业",A大盘,trend6,9.39,6.49,8.89,0.60,4,true,
W3,A,601088,"中国神华",A大盘,trend5,24.99,9.70,0.98,1.20,4,true,
W3,A,002415,"海康威视",A大盘,trend2,-2.22,-2.24,4.27,-0.44,8,true,
W3,A,601088,"中国神华",A大盘,trend6,24.99,15.72,2.55,1.97,4,true,
W3,A,600028,"中国石化",A大盘,trend3,11.59,15.18,0.00,1.10,2,true,
W4,A,601899,"紫金矿业",A大盘,trend,-20.61,-6.26,6.20,-0.84,8,true,
W3,A,600028,"中国石化",A大盘,trend5,11.59,20.90,0.00,1.47,2,true,
W3,A,002415,"海康威视",A大盘,trend3,-2.22,-14.21,7.45,-2.83,4,true,
W4,A,601088,"中国神华",A大盘,trend,-1.62,-6.84,15.73,-0.66,16,true,
W3,A,002415,"海康威视",A大盘,trend5,-2.22,-10.36,6.00,-2.34,4,true,
W4,A,601899,"紫金矿业",A大盘,trend2,-20.61,-11.36,3.59,-3.20,10,true,
W3,A,600028,"中国石化",A大盘,trend6,11.59,13.38,3.11,1.07,6,true,
W4,A,601899,"紫金矿业",A大盘,trend3,-20.61,-4.26,4.26,-0.36,2,true,
W4,A,601088,"中国神华",A大盘,trend2,-1.62,-5.55,9.10,-0.89,6,true,
W3,A,002415,"海康威视",A大盘,trend6,-2.22,-4.89,2.73,-1.18,4,true,
W4,A,601088,"中国神华",A大盘,trend3,-1.62,7.18,0.00,0.92,2,true,
W4,A,600028,"中国石化",A大盘,trend,-19.32,-11.25,7.75,-1.06,10,true,
W4,A,601899,"紫金矿业",A大盘,trend5,-20.61,-4.26,4.26,-0.36,2,true,
W4,A,600028,"中国石化",A大盘,trend2,-19.32,-7.86,7.86,-0.78,2,true,
W4,A,002415,"海康威视",A大盘,trend,3.86,7.38,0.00,1.37,4,true,
W4,A,601088,"中国神华",A大盘,trend5,-1.62,1.12,0.00,0.24,2,true,
W4,A,002415,"海康威视",A大盘,trend2,3.86,-1.29,1.03,-0.35,4,true,
W4,A,601899,"紫金矿业",A大盘,trend6,-20.61,-4.26,4.26,-0.36,2,true,
W4,A,600028,"中国石化",A大盘,trend3,-19.32,5.74,0.00,0.60,2,true,
W1,A,601398,"工商银行",A大盘,trend,7.53,5.84,9.79,0.96,16,true,
W4,A,601088,"中国神华",A大盘,trend6,-1.62,6.19,0.00,1.03,2,true,
W4,A,002415,"海康威视",A大盘,trend3,3.86,-11.49,7.31,-2.61,4,true,
W1,A,002241,"歌尔股份",A中盘,trend,4.76,-24.20,12.15,-1.42,22,true,
W4,A,600028,"中国石化",A大盘,trend5,-19.32,10.99,0.00,1.03,2,true,
W1,A,601398,"工商银行",A大盘,trend2,7.53,-8.74,5.30,-2.34,4,true,
W4,A,600028,"中国石化",A大盘,trend6,-19.32,10.99,0.00,1.03,2,true,
W4,A,002415,"海康威视",A大盘,trend5,3.86,-4.89,4.64,-1.30,4,true,
W1,A,002241,"歌尔股份",A中盘,trend2,4.76,-27.84,12.15,-3.01,10,true,
W4,A,002415,"海康威视",A大盘,trend6,3.86,-2.49,2.23,-0.66,4,true,
W1,A,601398,"工商银行",A大盘,trend3,7.53,10.68,11.89,1.43,4,true,
W1,A,002714,"牧原股份",A中盘,trend,-23.26,1.55,0.42,0.35,6,true,
W1,A,601398,"工商银行",A大盘,trend5,7.53,13.51,0.00,1.74,2,true,
W1,A,002241,"歌尔股份",A中盘,trend3,4.76,-9.45,9.89,-0.37,4,true,
W1,A,600438,"通威股份",A中盘,trend,-23.62,5.78,26.46,0.54,10,true,
W1,A,002241,"歌尔股份",A中盘,trend5,4.76,-21.46,11.95,-1.43,8,true,
W1,A,002714,"牧原股份",A中盘,trend2,-23.26,-3.42,3.03,-0.90,8,true,
W1,A,601398,"工商银行",A大盘,trend6,7.53,4.23,8.07,0.74,8,true,
W1,A,002714,"牧原股份",A中盘,trend3,-23.26,-8.96,6.03,-2.29,4,true,
W1,A,600438,"通威股份",A中盘,trend2,-23.62,-1.39,20.14,0.03,6,true,
W1,A,002241,"歌尔股份",A中盘,trend6,4.76,-27.39,10.21,-2.27,10,true,
W1,A,600438,"通威股份",A中盘,trend3,-23.62,-10.42,15.38,-0.61,4,true,
W2,A,601398,"工商银行",A大盘,trend,9.30,10.01,9.57,1.53,16,true,
W1,A,002714,"牧原股份",A中盘,trend5,-23.26,-8.58,8.58,-1.98,2,true,
W2,A,601398,"工商银行",A大盘,trend2,9.30,-2.83,2.83,-2.57,2,true,
W2,A,002241,"歌尔股份",A中盘,trend,44.03,45.62,24.61,2.70,12,true,
W1,A,600438,"通威股份",A中盘,trend5,-23.62,-4.73,10.01,-0.19,4,true,
W2,A,002241,"歌尔股份",A中盘,trend2,44.03,20.96,2.22,1.68,6,true,
W1,A,002714,"牧原股份",A中盘,trend6,-23.26,-3.44,3.44,-1.03,2,true,
W2,A,601398,"工商银行",A大盘,trend3,9.30,11.93,0.00,1.71,2,true,
W2,A,002714,"牧原股份",A中盘,trend,40.36,16.02,12.27,1.58,12,true,
W1,A,600438,"通威股份",A中盘,trend6,-23.62,-2.68,10.01,-0.05,4,true,
W2,A,002241,"歌尔股份",A中盘,trend3,44.03,31.91,24.19,1.90,4,true,
W2,A,600438,"通威股份",A中盘,trend,16.52,15.54,14.74,1.18,6,true,
W2,A,601398,"工商银行",A大盘,trend5,9.30,10.99,0.00,1.58,2,true,
W2,A,002714,"牧原股份",A中盘,trend2,40.36,-8.52,4.45,-2.19,6,true,
W2,A,601398,"工商银行",A大盘,trend6,9.30,7.01,2.03,1.17,6,true,
W2,A,002241,"歌尔股份",A中盘,trend5,44.03,31.41,23.90,2.07,4,true,
W2,A,600438,"通威股份",A中盘,trend2,16.52,10.85,12.33,0.96,4,true,
W2,A,002241,"歌尔股份",A中盘,trend6,44.03,26.02,23.32,1.83,6,true,
W2,A,002714,"牧原股份",A中盘,trend3,40.36,17.21,9.21,1.42,6,true,
W3,A,601398,"工商银行",A大盘,trend,6.79,1.69,7.46,0.45,8,true,
W2,A,002714,"牧原股份",A中盘,trend5,40.36,26.19,4.89,1.93,4,true,
W2,A,600438,"通威股份",A中盘,trend3,16.52,2.26,0.00,0.30,2,true,
W3,A,002241,"歌尔股份",A中盘,trend,-39.15,-16.73,9.48,-2.22,8,true,
W2,A,600438,"通威股份",A中盘,trend5,16.52,-1.91,1.01,-0.07,4,true,
W3,A,601398,"工商银行",A大盘,trend2,6.79,1.29,0.00,0.45,2,true,
W2,A,002714,"牧原股份",A中盘,trend6,40.36,12.35,3.35,1.13,8,true,
W3,A,601398,"工商银行",A大盘,trend3,6.79,-0.64,0.64,-0.09,2,true,
W3,A,002241,"歌尔股份",A中盘,trend2,-39.15,-7.05,3.20,-1.29,12,true,
W2,A,600438,"通威股份",A中盘,trend6,16.52,-0.69,1.01,0.04,4,true,
W3,A,002241,"歌尔股份",A中盘,trend3,-39.15,-19.29,19.29,-2.46,2,true,
W3,A,002714,"牧原股份",A中盘,trend,-17.44,-3.32,2.24,-0.79,4,true,
W3,A,601398,"工商银行",A大盘,trend5,6.79,-0.65,0.65,-0.12,2,true,
W3,A,002714,"牧原股份",A中盘,trend2,-17.44,-7.25,3.33,-2.72,10,true,
W3,A,600438,"通威股份",A中盘,trend,-25.69,-8.36,4.01,-1.33,8,true,
W3,A,002241,"歌尔股份",A中盘,trend5,-39.15,-15.70,15.70,-2.07,2,true,
W3,A,600438,"通威股份",A中盘,trend2,-25.69,-4.04,3.62,-0.51,4,true,
W3,A,601398,"工商银行",A大盘,trend6,6.79,1.56,0.00,0.48,2,true,
W3,A,002714,"牧原股份",A中盘,trend3,-17.44,0.00,0.00,0.00,0,true,
W4,A,601398,"工商银行",A大盘,trend,-5.55,-2.48,3.80,-0.50,8,true,
W3,A,002241,"歌尔股份",A中盘,trend6,-39.15,-15.70,15.70,-2.07,2,true,
W3,A,600438,"通威股份",A中盘,trend3,-25.69,-6.77,6.77,-0.41,2,true,
W4,A,002241,"歌尔股份",A中盘,trend,-21.76,-7.69,2.77,-0.75,12,true,
W3,A,002714,"牧原股份",A中盘,trend5,-17.44,0.00,0.00,0.00,0,true,
W4,A,601398,"工商银行",A大盘,trend2,-5.55,-0.23,2.75,-0.04,4,true,
W3,A,002714,"牧原股份",A中盘,trend6,-17.44,0.00,0.00,0.00,0,true,
W3,A,600438,"通威股份",A中盘,trend5,-25.69,-5.74,5.74,-0.32,2,true,
W4,A,002241,"歌尔股份",A中盘,trend2,-21.76,-13.38,11.16,-2.43,6,true,
W3,A,600438,"通威股份",A中盘,trend6,-25.69,-8.83,7.80,-0.88,4,true,
W4,A,601398,"工商银行",A大盘,trend3,-5.55,-7.97,7.97,-2.98,2,true,
W4,A,002714,"牧原股份",A中盘,trend,-31.41,-1.10,1.10,-0.32,2,true,
W4,A,601398,"工商银行",A大盘,trend5,-5.55,-4.63,4.63,-2.21,2,true,
W4,A,002241,"歌尔股份",A中盘,trend3,-21.76,-10.96,10.96,-1.13,2,true,
W4,A,600438,"通威股份",A中盘,trend,-39.44,-3.36,3.36,-2.06,2,true,
W4,A,002241,"歌尔股份",A中盘,trend5,-21.76,0.00,0.00,0.00,0,true,
W4,A,002714,"牧原股份",A中盘,trend2,-31.41,-2.92,1.69,-1.59,6,true,
W4,A,601398,"工商银行",A大盘,trend6,-5.55,-4.63,4.63,-2.21,2,true,
W4,A,002714,"牧原股份",A中盘,trend3,-31.41,0.00,0.00,0.00,0,true,
W4,A,600438,"通威股份",A中盘,trend2,-39.44,1.59,0.00,0.55,2,true,
W4,A,002241,"歌尔股份",A中盘,trend6,-21.76,0.00,0.00,0.00,0,true,
W4,A,600438,"通威股份",A中盘,trend3,-39.44,0.00,0.00,0.00,0,true,
W1,A,601633,"长城汽车",A中盘,trend,-23.23,-22.29,12.25,-2.77,10,true,
W4,A,002714,"牧原股份",A中盘,trend5,-31.41,0.00,0.00,0.00,0,true,
W1,A,601633,"长城汽车",A中盘,trend2,-23.23,-15.60,12.25,-2.20,6,true,
W1,A,000568,"泸州老窖",A中盘,trend,-20.60,-8.32,16.22,-0.61,6,true,
W4,A,600438,"通威股份",A中盘,trend5,-39.44,0.00,0.00,0.00,0,true,
W1,A,000568,"泸州老窖",A中盘,trend2,-20.60,-11.16,16.22,-0.90,8,true,
W4,A,002714,"牧原股份",A中盘,trend6,-31.41,0.00,0.00,0.00,0,true,
W1,A,601633,"长城汽车",A中盘,trend3,-23.23,-24.12,12.25,-2.54,6,true,
W4,A,600438,"通威股份",A中盘,trend6,-39.44,0.00,0.00,0.00,0,true,
W1,A,000568,"泸州老窖",A中盘,trend3,-20.60,-25.82,12.01,-3.43,6,true,
W1,A,600309,"万华化学",A中盘,trend,-33.83,-20.53,12.80,-2.84,6,true,
W1,A,601633,"长城汽车",A中盘,trend5,-23.23,-17.15,9.56,-2.63,4,true,
W1,A,603259,"药明康德",A中盘,trend,19.56,-20.18,13.84,-1.80,16,true,
W1,A,000568,"泸州老窖",A中盘,trend5,-20.60,-19.88,12.01,-3.87,4,true,
W1,A,600309,"万华化学",A中盘,trend2,-33.83,-17.65,12.80,-2.41,6,true,
W1,A,601633,"长城汽车",A中盘,trend6,-23.23,-12.96,8.39,-2.17,4,true,
W1,A,603259,"药明康德",A中盘,trend2,19.56,-16.42,13.84,-1.41,8,true,
W1,A,000568,"泸州老窖",A中盘,trend6,-20.60,-13.07,8.33,-3.30,4,true,
W1,A,603259,"药明康德",A中盘,trend3,19.56,-31.14,13.84,-2.50,10,true,
W1,A,600309,"万华化学",A中盘,trend3,-33.83,-12.80,12.80,-1.82,2,true,
W2,A,601633,"长城汽车",A中盘,trend,-3.72,-0.41,2.11,-0.13,4,true,
W1,A,600309,"万华化学",A中盘,trend5,-33.83,0.00,0.00,0.00,0,true,
W2,A,000568,"泸州老窖",A中盘,trend,5.49,3.30,7.41,0.46,14,true,
W1,A,603259,"药明康德",A中盘,trend5,19.56,-26.67,11.32,-2.18,10,true,
W2,A,601633,"长城汽车",A中盘,trend2,-3.72,1.53,1.00,0.39,6,true,
W1,A,600309,"万华化学",A中盘,trend6,-33.83,0.00,0.00,0.00,0,true,
W2,A,000568,"泸州老窖",A中盘,trend2,5.49,4.71,12.05,0.73,6,true,
W1,A,603259,"药明康德",A中盘,trend6,19.56,-22.16,11.32,-1.81,10,true,
W2,A,601633,"长城汽车",A中盘,trend3,-3.72,6.41,0.00,0.89,2,true,
W2,A,603259,"药明康德",A中盘,trend,71.40,37.87,31.69,2.38,10,true,
W2,A,600309,"万华化学",A中盘,trend,0.14,8.92,10.84,1.05,8,true,
W2,A,000568,"泸州老窖",A中盘,trend3,5.49,2.71,0.00,0.42,2,true,
W2,A,600309,"万华化学",A中盘,trend2,0.14,-1.53,5.39,-0.19,8,true,
W2,A,601633,"长城汽车",A中盘,trend5,-3.72,-0.04,0.04,0.04,2,true,
W2,A,603259,"药明康德",A中盘,trend2,71.40,30.59,4.51,2.55,10,true,
W2,A,601633,"长城汽车",A中盘,trend6,-3.72,-0.04,0.04,0.04,2,true,
W2,A,000568,"泸州老窖",A中盘,trend5,5.49,0.94,0.00,0.20,2,true,
W2,A,600309,"万华化学",A中盘,trend3,0.14,5.79,0.00,0.69,2,true,
W2,A,000568,"泸州老窖",A中盘,trend6,5.49,5.84,0.00,0.84,2,true,
W2,A,603259,"药明康德",A中盘,trend3,71.40,75.96,0.00,2.95,2,true,
W3,A,601633,"长城汽车",A中盘,trend,-16.44,-3.07,2.16,-1.94,4,true,
W2,A,603259,"药明康德",A中盘,trend5,71.40,60.12,0.30,2.56,4,true,
W2,A,600309,"万华化学",A中盘,trend5,0.14,0.47,0.00,0.14,2,true,
W3,A,000568,"泸州老窖",A中盘,trend,-17.41,-11.69,5.02,-2.23,6,true,
W2,A,600309,"万华化学",A中盘,trend6,0.14,2.65,0.00,0.45,2,true,
W3,A,601633,"长城汽车",A中盘,trend2,-16.44,-1.07,1.07,-1.47,2,true,
W2,A,603259,"药明康德",A中盘,trend6,71.40,34.32,22.14,1.77,8,true,
W3,A,601633,"长城汽车",A中盘,trend3,-16.44,0.00,0.00,0.00,0,true,
W3,A,000568,"泸州老窖",A中盘,trend2,-17.41,0.00,0.00,0.00,0,true,
W3,A,600309,"万华化学",A中盘,trend,24.93,-9.45,15.36,-0.67,18,true,
W3,A,000568,"泸州老窖",A中盘,trend3,-17.41,-6.94,6.94,-2.27,2,true,
W3,A,603259,"药明康德",A中盘,trend,-7.44,8.21,4.42,1.18,6,true,
W3,A,601633,"长城汽车",A中盘,trend5,-16.44,0.00,0.00,0.00,0,true,
W3,A,603259,"药明康德",A中盘,trend2,-7.44,5.55,9.12,0.68,8,true,
W3,A,601633,"长城汽车",A中盘,trend6,-16.44,0.00,0.00,0.00,0,true,
W3,A,600309,"万华化学",A中盘,trend2,24.93,5.37,5.10,0.90,4,true,
W3,A,000568,"泸州老窖",A中盘,trend5,-17.41,-6.78,6.78,-2.52,2,true,
W4,A,601633,"长城汽车",A中盘,trend,-20.42,-3.72,2.16,-2.23,4,true,
W3,A,600309,"万华化学",A中盘,trend3,24.93,13.75,0.00,1.03,2,true,
W3,A,603259,"药明康德",A中盘,trend3,-7.44,-22.49,15.22,-3.55,4,true,
W3,A,600309,"万华化学",A中盘,trend5,24.93,13.60,0.00,1.03,2,true,
W3,A,000568,"泸州老窖",A中盘,trend6,-17.41,-5.87,5.87,-2.23,2,true,
W4,A,601633,"长城汽车",A中盘,trend2,-20.42,-1.48,1.48,-1.57,2,true,
W4,A,000568,"泸州老窖",A中盘,trend,-31.38,-3.36,3.36,-1.06,2,true,
W3,A,603259,"药明康德",A中盘,trend5,-7.44,-17.67,11.79,-2.96,4,true,
W3,A,600309,"万华化学",A中盘,trend6,24.93,8.25,16.84,0.79,6,true,
W3,A,603259,"药明康德",A中盘,trend6,-7.44,-13.49,7.31,-2.54,4,true,
W4,A,601633,"长城汽车",A中盘,trend3,-20.42,0.00,0.00,0.00,0,true,
W4,A,000568,"泸州老窖",A中盘,trend2,-31.38,0.00,0.00,0.00,0,true,
W4,A,601633,"长城汽车",A中盘,trend5,-20.42,0.00,0.00,0.00,0,true,
W4,A,600309,"万华化学",A中盘,trend,-10.13,-14.85,6.71,-1.75,10,true,
W4,A,603259,"药明康德",A中盘,trend,2.49,-7.98,4.99,-0.93,10,true,
W4,A,600309,"万华化学",A中盘,trend2,-10.13,7.61,0.00,1.74,2,true,
W4,A,000568,"泸州老窖",A中盘,trend3,-31.38,0.00,0.00,0.00,0,true,
W4,A,601633,"长城汽车",A中盘,trend6,-20.42,0.00,0.00,0.00,0,true,
W4,A,000568,"泸州老窖",A中盘,trend5,-31.38,0.00,0.00,0.00,0,true,
W4,A,603259,"药明康德",A中盘,trend2,2.49,-5.19,11.50,-0.73,6,true,
W4,A,600309,"万华化学",A中盘,trend3,-10.13,-7.77,7.77,-0.60,2,true,
W4,A,603259,"药明康德",A中盘,trend3,2.49,-15.74,8.58,-1.57,4,true,
W1,A,002460,"赣锋锂业",A中盘,trend,-10.38,-12.31,18.14,-0.59,14,true,
W4,A,000568,"泸州老窖",A中盘,trend6,-31.38,0.00,0.00,0.00,0,true,
W1,A,002460,"赣锋锂业",A中盘,trend2,-10.38,-26.59,18.72,-3.35,8,true,
W4,A,600309,"万华化学",A中盘,trend5,-10.13,-1.79,1.79,-0.05,2,true,
W4,A,603259,"药明康德",A中盘,trend5,2.49,-19.07,6.94,-3.07,6,true,
W4,A,600309,"万华化学",A中盘,trend6,-10.13,-12.11,6.71,-1.59,6,true,
W1,A,600406,"国电南瑞",A中盘,trend,-27.57,-9.95,7.21,-2.31,6,true,
W1,A,002460,"赣锋锂业",A中盘,trend3,-10.38,-12.80,16.73,-0.85,4,true,
W1,A,600406,"国电南瑞",A中盘,trend2,-27.57,-15.45,7.21,-3.62,10,true,
W4,A,603259,"药明康德",A中盘,trend6,2.49,-19.07,6.94,-3.07,6,true,
W1,A,300015,"爱尔眼科",A中盘,trend,-30.50,-36.71,27.48,-2.57,14,true,
W1,A,002230,"科大讯飞",A中盘,trend,-1.70,-13.39,11.95,-0.85,14,true,
W1,A,002460,"赣锋锂业",A中盘,trend5,-10.38,-7.16,10.03,-0.26,4,true,
W1,A,600406,"国电南瑞",A中盘,trend3,-27.57,-9.91,9.91,-1.29,2,true,
W1,A,002460,"赣锋锂业",A中盘,trend6,-10.38,-0.13,10.03,0.17,4,true,
W1,A,300015,"爱尔眼科",A中盘,trend2,-30.50,-30.00,27.48,-2.25,6,true,
W1,A,002230,"科大讯飞",A中盘,trend2,-1.70,-15.96,12.05,-2.29,8,true,
W1,A,300015,"爱尔眼科",A中盘,trend3,-30.50,-29.50,18.35,-2.31,4,true,
W1,A,600406,"国电南瑞",A中盘,trend5,-27.57,-7.87,7.87,-2.36,2,true,
W2,A,002460,"赣锋锂业",A中盘,trend,80.76,36.88,12.41,2.12,16,true,
W1,A,600406,"国电南瑞",A中盘,trend6,-27.57,-7.21,7.21,-2.18,2,true,
W1,A,002230,"科大讯飞",A中盘,trend3,-1.70,-4.54,6.62,-0.14,4,true,
W1,A,300015,"爱尔眼科",A中盘,trend5,-30.50,-29.50,18.35,-2.31,4,true,
W1,A,002230,"科大讯飞",A中盘,trend5,-1.70,-12.61,11.38,-0.91,6,true,
W2,A,002460,"赣锋锂业",A中盘,trend2,80.76,20.26,5.78,1.32,12,true,
W2,A,600406,"国电南瑞",A中盘,trend,7.79,-5.97,3.12,-1.19,10,true,
W2,A,002460,"赣锋锂业",A中盘,trend3,80.76,62.09,0.00,2.86,4,true,
W1,A,300015,"爱尔眼科",A中盘,trend6,-30.50,-25.43,18.35,-2.00,4,true,
W1,A,002230,"科大讯飞",A中盘,trend6,-1.70,-9.67,8.40,-0.70,6,true,
W2,A,300015,"爱尔眼科",A中盘,trend,-6.35,2.13,3.55,0.54,4,true,
W2,A,600406,"国电南瑞",A中盘,trend2,7.79,-0.53,0.93,-0.63,4,true,
W2,A,002460,"赣锋锂业",A中盘,trend5,80.76,72.76,0.00,3.09,2,true,
W2,A,600406,"国电南瑞",A中盘,trend3,7.79,-3.93,6.04,-1.11,4,true,
W2,A,002230,"科大讯飞",A中盘,trend,17.85,2.17,5.35,0.36,18,true,
W2,A,300015,"爱尔眼科",A中盘,trend2,-6.35,-1.72,1.16,-1.53,4,true,
W2,A,002230,"科大讯飞",A中盘,trend2,17.85,4.19,4.34,1.62,4,true,
W2,A,002460,"赣锋锂业",A中盘,trend6,80.76,53.14,0.00,2.60,4,true,
W2,A,600406,"国电南瑞",A中盘,trend5,7.79,2.25,0.00,1.43,2,true,
W3,A,002460,"赣锋锂业",A中盘,trend,22.33,-15.16,5.69,-0.92,16,true,
W2,A,300015,"爱尔眼科",A中盘,trend3,-6.35,-5.56,5.56,-1.24,2,true,
W2,A,002230,"科大讯飞",A中盘,trend3,17.85,16.97,0.00,1.57,2,true,
W2,A,600406,"国电南瑞",A中盘,trend6,7.79,2.25,0.00,1.43,2,true,
W3,A,002460,"赣锋锂业",A中盘,trend2,22.33,-11.50,7.82,-1.47,6,true,
W2,A,300015,"爱尔眼科",A中盘,trend5,-6.35,-1.28,1.28,-0.32,2,true,
W2,A,002230,"科大讯飞",A中盘,trend5,17.85,16.97,0.00,1.57,2,true,
W3,A,600406,"国电南瑞",A中盘,trend,13.39,17.57,9.13,1.51,12,true,
W3,A,002460,"赣锋锂业",A中盘,trend3,22.33,-25.75,12.63,-1.27,6,true,
W2,A,300015,"爱尔眼科",A中盘,trend6,-6.35,-1.28,1.28,-0.32,2,true,
W3,A,002460,"赣锋锂业",A中盘,trend5,22.33,-32.14,18.97,-1.82,8,true,
W2,A,002230,"科大讯飞",A中盘,trend6,17.85,-0.18,3.18,0.05,6,true,
W3,A,600406,"国电南瑞",A中盘,trend2,13.39,-2.29,4.63,-0.31,10,true,
W3,A,002230,"科大讯飞",A中盘,trend,-16.65,-1.15,7.08,-0.03,6,true,
W3,A,300015,"爱尔眼科",A中盘,trend,-20.90,-3.23,3.23,-1.78,2,true,
W3,A,002460,"赣锋锂业",A中盘,trend6,22.33,-19.07,11.38,-1.03,8,true,
W3,A,300015,"爱尔眼科",A中盘,trend2,-20.90,-0.28,1.11,-0.07,6,true,
W3,A,600406,"国电南瑞",A中盘,trend3,13.39,6.67,0.47,0.71,4,true,
W3,A,002230,"科大讯飞",A中盘,trend2,-16.65,-6.47,11.30,-0.69,4,true,
W3,A,600406,"国电南瑞",A中盘,trend5,13.39,-0.27,4.53,0.08,6,true,
W4,A,002460,"赣锋锂业",A中盘,trend,1.02,-8.20,15.74,-0.47,14,true,
W3,A,300015,"爱尔眼科",A中盘,trend3,-20.90,0.00,0.00,0.00,0,true,
W4,A,002460,"赣锋锂业",A中盘,trend2,1.02,-11.00,7.75,-1.10,8,true,
W3,A,002230,"科大讯飞",A中盘,trend3,-16.65,-21.18,13.92,-2.30,4,true,
W3,A,600406,"国电南瑞",A中盘,trend6,13.39,0.70,4.53,0.18,6,true,
W3,A,002230,"科大讯飞",A中盘,trend5,-16.65,-16.98,11.30,-2.78,4,true,
W3,A,300015,"爱尔眼科",A中盘,trend5,-20.90,0.00,0.00,0.00,0,true,
W4,A,002460,"赣锋锂业",A中盘,trend3,1.02,-14.39,12.63,-0.93,4,true,
W3,A,300015,"爱尔眼科",A中盘,trend6,-20.90,0.00,0.00,0.00,0,true,
W4,A,600406,"国电南瑞",A中盘,trend,-3.11,6.38,17.27,0.77,10,true,
W3,A,002230,"科大讯飞",A中盘,trend6,-16.65,-16.98,11.30,-2.78,4,true,
W4,A,600406,"国电南瑞",A中盘,trend2,-3.11,-1.79,4.12,-0.26,6,true,
W4,A,002460,"赣锋锂业",A中盘,trend5,1.02,-14.39,12.63,-0.93,4,true,
W4,A,300015,"爱尔眼科",A中盘,trend,-28.58,-7.19,4.09,-2.61,4,true,
W4,A,002460,"赣锋锂业",A中盘,trend6,1.02,-9.89,5.92,-0.78,6,true,
W4,A,002230,"科大讯飞",A中盘,trend,-30.17,-7.06,3.71,-1.49,4,true,
W4,A,600406,"国电南瑞",A中盘,trend3,-3.11,7.18,0.00,1.00,2,true,
W4,A,002230,"科大讯飞",A中盘,trend2,-30.17,-8.03,4.87,-1.67,6,true,
W4,A,300015,"爱尔眼科",A中盘,trend2,-28.58,11.48,0.00,2.07,2,true,
W1,A,000725,"京东方A",A中盘,trend,-14.96,-11.77,12.35,-1.18,14,true,
W4,A,300015,"爱尔眼科",A中盘,trend3,-28.58,0.00,0.00,0.00,0,true,
W4,A,600406,"国电南瑞",A中盘,trend5,-3.11,6.15,0.00,0.86,2,true,
W4,A,002230,"科大讯飞",A中盘,trend3,-30.17,-8.44,8.44,-1.15,2,true,
W4,A,600406,"国电南瑞",A中盘,trend6,-3.11,7.18,0.00,1.00,2,true,
W1,A,000725,"京东方A",A中盘,trend2,-14.96,-15.28,12.35,-1.94,8,true,
W4,A,300015,"爱尔眼科",A中盘,trend5,-28.58,0.00,0.00,0.00,0,true,
W1,A,000725,"京东方A",A中盘,trend3,-14.96,-16.27,11.49,-2.45,4,true,
W4,A,002230,"科大讯飞",A中盘,trend5,-30.17,-6.40,6.40,-1.72,2,true,
W1,A,300274,"阳光电源",A小盘,trend,-38.49,-19.22,19.22,-1.58,4,true,
W4,A,002230,"科大讯飞",A中盘,trend6,-30.17,-6.40,6.40,-1.72,2,true,
W4,A,300015,"爱尔眼科",A中盘,trend6,-28.58,0.00,0.00,0.00,0,true,
W1,A,000725,"京东方A",A中盘,trend5,-14.96,0.00,0.00,0.00,0,true,
W1,A,688111,"金山办公",A小盘,trend,-7.59,-10.92,22.34,-0.34,10,true,
W1,A,300274,"阳光电源",A小盘,trend2,-38.49,-6.08,3.74,-1.14,6,true,
W1,A,688981,"中芯国际",A小盘,trend,20.16,22.31,25.53,1.10,10,true,
W1,A,300274,"阳光电源",A小盘,trend3,-38.49,-17.24,17.24,-1.46,2,true,
W1,A,000725,"京东方A",A中盘,trend6,-14.96,0.00,0.00,0.00,0,true,
W1,A,688111,"金山办公",A小盘,trend2,-7.59,5.73,19.93,0.49,6,true,
W2,A,000725,"京东方A",A中盘,trend,1.23,-4.81,3.21,-1.19,18,true,
W1,A,688981,"中芯国际",A小盘,trend2,20.16,13.74,19.97,0.79,4,true,
W1,A,300274,"阳光电源",A小盘,trend5,-38.49,-17.24,17.24,-1.46,2,true,
W1,A,688981,"中芯国际",A小盘,trend3,20.16,-21.93,17.18,-0.92,6,true,
W1,A,688111,"金山办公",A小盘,trend3,-7.59,-26.81,17.11,-1.15,6,true,
W2,A,000725,"京东方A",A中盘,trend2,1.23,-0.53,0.53,-1.16,2,true,
W1,A,688111,"金山办公",A小盘,trend5,-7.59,-5.19,3.70,-0.10,4,true,
W1,A,300274,"阳光电源",A小盘,trend6,-38.49,-17.24,17.24,-1.46,2,true,
W1,A,688981,"中芯国际",A小盘,trend5,20.16,-29.56,12.88,-1.92,10,true,
W2,A,300274,"阳光电源",A小盘,trend,140.28,31.62,12.76,1.59,20,true,
W2,A,000725,"京东方A",A中盘,trend3,1.23,-1.26,0.77,-0.17,4,true,
W1,A,688111,"金山办公",A小盘,trend6,-7.59,-31.22,8.58,-2.58,10,true,
W2,A,000725,"京东方A",A中盘,trend5,1.23,-3.64,3.39,-0.86,4,true,
W1,A,688981,"中芯国际",A小盘,trend6,20.16,-34.11,10.57,-2.61,12,true,
W2,A,300274,"阳光电源",A小盘,trend2,140.28,2.31,4.19,0.34,4,true,
W2,A,688981,"中芯国际",A小盘,trend,56.57,40.69,5.56,1.94,8,true,
W2,A,688111,"金山办公",A小盘,trend,5.46,-1.25,9.01,-0.13,8,true,
W2,A,000725,"京东方A",A中盘,trend6,1.23,-5.56,3.39,-1.68,6,true,
W2,A,688111,"金山办公",A小盘,trend2,5.46,2.03,4.27,0.37,8,true,
W2,A,300274,"阳光电源",A小盘,trend3,140.28,149.95,0.00,3.92,2,true,
W2,A,688981,"中芯国际",A小盘,trend2,56.57,30.47,2.70,1.72,8,true,
W2,A,300274,"阳光电源",A小盘,trend5,140.28,108.57,2.09,3.43,4,true,
W3,A,000725,"京东方A",A中盘,trend,-3.89,-8.99,9.76,-1.22,16,true,
W2,A,688111,"金山办公",A小盘,trend3,5.46,-6.12,6.12,-0.45,2,true,
W3,A,000725,"京东方A",A中盘,trend2,-3.89,-0.74,0.74,-1.47,2,true,
W2,A,688981,"中芯国际",A小盘,trend3,56.57,31.55,2.40,1.73,4,true,
W2,A,300274,"阳光电源",A小盘,trend6,140.28,108.57,2.09,3.43,4,true,
W2,A,688981,"中芯国际",A小盘,trend5,56.57,13.64,0.94,0.98,4,true,
W2,A,688111,"金山办公",A小盘,trend5,5.46,-17.61,10.43,-2.40,4,true,
W3,A,000725,"京东方A",A中盘,trend3,-3.89,-12.30,6.63,-2.09,4,true,
W2,A,688111,"金山办公",A小盘,trend6,5.46,-17.61,10.43,-2.40,4,true,
W3,A,300274,"阳光电源",A小盘,trend,-16.53,-10.44,4.64,-2.25,6,true,
W2,A,688981,"中芯国际",A小盘,trend6,56.57,13.64,0.94,0.98,4,true,
W3,A,300274,"阳光电源",A小盘,trend2,-16.53,-2.77,4.74,-0.24,6,true,
W3,A,000725,"京东方A",A中盘,trend5,-3.89,-12.72,7.92,-3.09,4,true,
W3,A,688111,"金山办公",A小盘,trend,-23.07,-4.57,6.88,-0.30,10,true,
W3,A,000725,"京东方A",A中盘,trend6,-3.89,-8.88,5.06,-2.42,4,true,
W3,A,688981,"中芯国际",A小盘,trend,-33.10,3.44,0.00,0.76,2,true,
W3,A,300274,"阳光电源",A小盘,trend3,-16.53,1.76,0.00,0.27,2,true,
W3,A,688981,"中芯国际",A小盘,trend2,-33.10,-10.77,4.86,-2.94,6,true,
W3,A,688111,"金山办公",A小盘,trend2,-23.07,-18.00,9.21,-4.43,6,true,
W4,A,000725,"京东方A",A中盘,trend,48.06,21.61,5.17,1.36,14,true,
W3,A,688111,"金山办公",A小盘,trend3,-23.07,-2.49,2.49,-0.10,2,true,
W3,A,300274,"阳光电源",A小盘,trend5,-16.53,1.47,0.00,0.25,2,true,
W3,A,688981,"中芯国际",A小盘,trend3,-33.10,0.00,0.00,0.00,0,true,
W3,A,300274,"阳光电源",A小盘,trend6,-16.53,6.10,0.00,0.56,2,true,
W4,A,000725,"京东方A",A中盘,trend2,48.06,27.09,0.50,1.76,6,true,
W3,A,688111,"金山办公",A小盘,trend5,-23.07,-0.35,0.35,0.09,2,true,
W4,A,000725,"京东方A",A中盘,trend3,48.06,41.44,8.14,2.08,4,true,
W3,A,688981,"中芯国际",A小盘,trend5,-33.10,0.00,0.00,0.00,0,true,
W4,A,300274,"阳光电源",A小盘,trend,-9.55,5.31,4.64,0.69,6,true,
W3,A,688111,"金山办公",A小盘,trend6,-23.07,-13.44,6.88,-1.95,6,true,
W4,A,000725,"京东方A",A中盘,trend5,48.06,-12.02,7.92,-0.96,8,true,
W3,A,688981,"中芯国际",A小盘,trend6,-33.10,0.00,0.00,0.00,0,true,
W4,A,688111,"金山办公",A小盘,trend,-44.96,-7.63,4.63,-2.29,4,true,
W4,A,000725,"京东方A",A中盘,trend6,48.06,-9.28,5.06,-0.71,8,true,
W4,A,688981,"中芯国际",A小盘,trend,10.36,4.56,0.00,0.47,2,true,
W4,A,688111,"金山办公",A小盘,trend2,-44.96,-6.76,6.76,-1.98,2,true,
W4,A,300274,"阳光电源",A小盘,trend2,-9.55,6.28,11.44,0.66,10,true,
W4,A,688111,"金山办公",A小盘,trend3,-44.96,0.00,0.00,0.00,0,true,
W1,A,688012,"中微公司",A小盘,trend,-5.27,-1.24,14.12,0.09,8,true,
W4,A,688981,"中芯国际",A小盘,trend2,10.36,7.15,5.09,0.62,4,true,
W1,A,688012,"中微公司",A小盘,trend2,-5.27,-22.38,17.00,-2.63,6,true,
W4,A,300274,"阳光电源",A小盘,trend3,-9.55,-16.48,16.48,-2.59,2,true,
W4,A,688111,"金山办公",A小盘,trend5,-44.96,0.00,0.00,0.00,0,true,
W4,A,300274,"阳光电源",A小盘,trend5,-9.55,-10.72,10.72,-2.04,2,true,
W4,A,688981,"中芯国际",A小盘,trend3,10.36,1.64,0.00,0.30,2,true,
W1,A,688012,"中微公司",A小盘,trend3,-5.27,1.84,0.00,0.28,2,true,
W4,A,688981,"中芯国际",A小盘,trend5,10.36,-1.02,1.02,0.10,2,true,
W4,A,688111,"金山办公",A小盘,trend6,-44.96,0.00,0.00,0.00,0,true,
W4,A,300274,"阳光电源",A小盘,trend6,-9.55,-10.72,10.72,-2.04,2,true,
W1,A,603290,"斯达半导",A小盘,trend,-11.62,-13.80,6.77,-1.11,12,true,
W1,A,688012,"中微公司",A小盘,trend5,-5.27,3.00,0.00,0.36,2,true,
W4,A,688981,"中芯国际",A小盘,trend6,10.36,-1.02,1.02,0.10,2,true,
W1,A,688012,"中微公司",A小盘,trend6,-5.27,4.84,0.00,0.51,2,true,
W1,A,002129,"TCL中环",A小盘,trend,-21.67,-17.28,14.95,-1.10,12,true,
W1,A,603290,"斯达半导",A小盘,trend2,-11.62,-11.46,9.50,-1.09,4,true,
W1,A,002129,"TCL中环",A小盘,trend2,-21.67,-12.57,14.95,-0.84,8,true,
W1,A,601012,"隆基绿能",A小盘,trend,-16.98,-13.69,15.46,-0.84,10,true,
W2,A,688012,"中微公司",A小盘,trend,62.06,40.92,2.92,2.25,12,true,
W1,A,601012,"隆基绿能",A小盘,trend2,-16.98,-17.97,15.46,-2.09,8,true,
W1,A,603290,"斯达半导",A小盘,trend3,-11.62,-17.09,9.39,-2.12,4,true,
W1,A,002129,"TCL中环",A小盘,trend3,-21.67,-30.99,16.29,-2.63,6,true,
W1,A,603290,"斯达半导",A小盘,trend5,-11.62,-0.67,0.67,-0.06,2,true,
W2,A,688012,"中微公司",A小盘,trend2,62.06,-5.49,6.74,-0.40,18,true,
W1,A,601012,"隆基绿能",A小盘,trend3,-16.98,-30.73,15.98,-2.35,6,true,
W2,A,688012,"中微公司",A小盘,trend3,62.06,59.57,0.00,2.67,2,true,
W1,A,002129,"TCL中环",A小盘,trend5,-21.67,-10.41,10.03,-0.92,4,true,
W1,A,603290,"斯达半导",A小盘,trend6,-11.62,-0.67,0.67,-0.06,2,true,
W1,A,002129,"TCL中环",A小盘,trend6,-21.67,-10.41,10.03,-0.92,4,true,
W1,A,601012,"隆基绿能",A小盘,trend5,-16.98,-17.55,10.01,-1.32,4,true,
W2,A,688012,"中微公司",A小盘,trend5,62.06,21.85,6.74,1.54,6,true,
W1,A,601012,"隆基绿能",A小盘,trend6,-16.98,-11.80,10.01,-0.90,4,true,
W2,A,603290,"斯达半导",A小盘,trend,26.06,-0.74,6.11,-0.01,12,true,
W2,A,002129,"TCL中环",A小盘,trend,1.46,-8.89,5.97,-2.10,10,true,
W2,A,603290,"斯达半导",A小盘,trend2,26.06,5.57,1.09,0.61,6,true,
W2,A,688012,"中微公司",A小盘,trend6,62.06,21.85,6.74,1.54,6,true,
W2,A,601012,"隆基绿能",A小盘,trend,13.56,6.56,4.54,0.86,12,true,
W3,A,688012,"中微公司",A小盘,trend,3.14,-0.95,8.19,0.05,8,true,
W2,A,002129,"TCL中环",A小盘,trend2,1.46,6.40,2.43,0.92,6,true,
W2,A,603290,"斯达半导",A小盘,trend3,26.06,32.97,0.00,2.11,2,true,
W2,A,002129,"TCL中环",A小盘,trend3,1.46,-16.87,9.49,-2.45,6,true,
W2,A,601012,"隆基绿能",A小盘,trend2,13.56,-12.59,4.97,-3.17,10,true,
W3,A,688012,"中微公司",A小盘,trend2,3.14,8.13,2.52,0.98,6,true,
W2,A,601012,"隆基绿能",A小盘,trend3,13.56,-8.78,6.10,-1.17,4,true,
W2,A,603290,"斯达半导",A小盘,trend5,26.06,25.37,0.00,1.74,2,true,
W2,A,002129,"TCL中环",A小盘,trend5,1.46,-14.14,7.66,-2.09,6,true,
W2,A,603290,"斯达半导",A小盘,trend6,26.06,25.37,0.00,1.74,2,true,
W3,A,688012,"中微公司",A小盘,trend3,3.14,-35.29,17.94,-2.76,6,true,
W2,A,601012,"隆基绿能",A小盘,trend5,13.56,-7.05,6.10,-0.93,4,true,
W3,A,688012,"中微公司",A小盘,trend5,3.14,-34.15,14.31,-3.09,8,true,
W2,A,002129,"TCL中环",A小盘,trend6,1.46,-10.31,3.83,-1.62,6,true,
W3,A,603290,"斯达半导",A小盘,trend,-8.33,-6.63,12.49,-0.60,10,true,
W3,A,002129,"TCL中环",A小盘,trend,-0.88,10.49,10.31,0.78,10,true,
W2,A,601012,"隆基绿能",A小盘,trend6,13.56,-3.30,4.89,-0.45,4,true,
W3,A,688012,"中微公司",A小盘,trend6,3.14,-24.57,14.31,-2.35,8,true,
W3,A,601012,"隆基绿能",A小盘,trend,-0.89,-19.72,7.51,-1.95,18,true,
W3,A,603290,"斯达半导",A小盘,trend2,-8.33,-7.26,4.75,-0.86,10,true,
W3,A,002129,"TCL中环",A小盘,trend2,-0.88,-17.18,6.62,-1.35,12,true,
W3,A,603290,"斯达半导",A小盘,trend3,-8.33,-24.22,13.69,-1.75,6,true,
W4,A,688012,"中微公司",A小盘,trend,54.09,17.78,2.66,1.79,4,true,
W3,A,601012,"隆基绿能",A小盘,trend2,-0.89,-7.02,3.60,-0.79,10,true,
W4,A,688012,"中微公司",A小盘,trend2,54.09,28.24,1.43,2.01,6,true,
W3,A,002129,"TCL中环",A小盘,trend3,-0.88,-7.40,5.30,-0.37,4,true,
W3,A,603290,"斯达半导",A小盘,trend5,-8.33,-17.51,9.41,-1.82,4,true,
W3,A,002129,"TCL中环",A小盘,trend5,-0.88,-1.90,1.90,-0.03,2,true,
W3,A,601012,"隆基绿能",A小盘,trend3,-0.89,-6.24,6.04,-0.32,4,true,
W4,A,688012,"中微公司",A小盘,trend3,54.09,-7.89,12.76,-0.27,6,true,
W3,A,601012,"隆基绿能",A小盘,trend5,-0.89,-11.45,7.88,-1.00,6,true,
W3,A,603290,"斯达半导",A小盘,trend6,-8.33,-12.92,7.12,-2.10,4,true,
W3,A,002129,"TCL中环",A小盘,trend6,-0.88,-9.48,6.65,-0.79,4,true,
W4,A,603290,"斯达半导",A小盘,trend,26.24,-5.11,9.63,-0.24,12,true,
W4,A,688012,"中微公司",A小盘,trend5,54.09,11.96,10.34,0.84,6,true,
W3,A,601012,"隆基绿能",A小盘,trend6,-0.89,-7.26,3.52,-0.60,6,true,
W4,A,688012,"中微公司",A小盘,trend6,54.09,-3.83,6.37,-0.09,8,true,
W4,A,002129,"TCL中环",A小盘,trend,12.75,-10.00,14.73,-0.50,14,true,
W4,A,603290,"斯达半导",A小盘,trend2,26.24,1.86,3.03,0.30,6,true,
W4,A,002129,"TCL中环",A小盘,trend2,12.75,-11.19,12.64,-0.81,8,true,
W4,A,601012,"隆基绿能",A小盘,trend,-33.23,-16.40,6.88,-4.02,10,true,
W1,A,600703,"三安光电",A小盘,trend,-12.56,-11.06,10.52,-1.39,8,true,
W4,A,601012,"隆基绿能",A小盘,trend2,-33.23,-0.59,0.59,-0.68,2,true,
W4,A,603290,"斯达半导",A小盘,trend3,26.24,-12.57,12.57,-0.61,6,true,
W4,A,002129,"TCL中环",A小盘,trend3,12.75,-6.93,5.30,-0.38,4,true,
W4,A,603290,"斯达半导",A小盘,trend5,26.24,-14.77,9.41,-1.05,4,true,
W1,A,600703,"三安光电",A小盘,trend2,-12.56,-10.65,10.52,-1.75,8,true,
W4,A,601012,"隆基绿能",A小盘,trend3,-33.23,-12.50,12.50,-2.87,2,true,
W1,A,600703,"三安光电",A小盘,trend3,-12.56,-11.65,6.90,-1.48,4,true,
W4,A,002129,"TCL中环",A小盘,trend5,12.75,0.00,0.00,0.00,0,true,
W4,A,603290,"斯达半导",A小盘,trend6,26.24,-12.61,7.12,-0.92,4,true,
W4,A,002129,"TCL中环",A小盘,trend6,12.75,0.00,0.00,0.00,0,true,
W4,A,601012,"隆基绿能",A小盘,trend5,-33.23,-7.88,7.88,-2.65,2,true,
W1,A,600703,"三安光电",A小盘,trend5,-12.56,-1.82,1.82,-0.18,2,true,
W4,A,601012,"隆基绿能",A小盘,trend6,-33.23,-3.52,3.52,-1.95,2,true,
W1,A,510300,"沪深300ETF",ETF,trend,-15.16,-19.12,11.45,-2.41,18,true,
W1,A,510500,"中证500ETF",ETF,trend,-9.59,-9.90,11.41,-1.26,10,true,
W1,A,600703,"三安光电",A小盘,trend6,-12.56,-1.82,1.82,-0.18,2,true,
W1,A,159915,"创业板ETF",ETF,trend,-23.00,-27.63,23.64,-2.14,10,true,
W1,A,510300,"沪深300ETF",ETF,trend2,-15.16,-10.08,11.45,-1.38,6,true,
W1,A,510500,"中证500ETF",ETF,trend2,-9.59,-13.16,11.41,-2.36,6,true,
W2,A,600703,"三安光电",A小盘,trend,31.24,2.97,13.36,0.38,22,true,
W1,A,159915,"创业板ETF",ETF,trend2,-23.00,-23.92,23.64,-2.00,8,true,
W1,A,510300,"沪深300ETF",ETF,trend3,-15.16,-20.53,11.45,-2.86,6,true,
W1,A,510500,"中证500ETF",ETF,trend3,-9.59,-23.62,11.32,-3.46,8,true,
W2,A,600703,"三安光电",A小盘,trend2,31.24,0.61,0.17,0.16,6,true,
W1,A,159915,"创业板ETF",ETF,trend3,-23.00,-23.43,16.28,-1.99,4,true,
W1,A,510300,"沪深300ETF",ETF,trend5,-15.16,-11.59,9.28,-1.83,4,true,
W1,A,510500,"中证500ETF",ETF,trend5,-9.59,-17.15,7.50,-3.35,6,true,
W2,A,600703,"三安光电",A小盘,trend3,31.24,3.81,9.41,0.45,6,true,
W1,A,510500,"中证500ETF",ETF,trend6,-9.59,-14.20,7.50,-2.79,6,true,
W1,A,159915,"创业板ETF",ETF,trend5,-23.00,-16.28,16.28,-1.46,2,true,
W1,A,510300,"沪深300ETF",ETF,trend6,-15.16,-11.59,9.28,-1.83,4,true,
W1,A,159915,"创业板ETF",ETF,trend6,-23.00,-16.28,16.28,-1.46,2,true,
W2,A,600703,"三安光电",A小盘,trend5,31.24,-0.11,6.23,0.09,8,true,
W2,A,510500,"中证500ETF",ETF,trend,28.52,20.67,4.42,3.37,10,true,
W2,A,600703,"三安光电",A小盘,trend6,31.24,3.73,6.23,0.45,8,true,
W2,A,510300,"沪深300ETF",ETF,trend,22.27,11.71,7.23,2.19,18,true,
W2,A,159915,"创业板ETF",ETF,trend,55.64,42.29,17.20,3.51,12,true,
W2,A,510300,"沪深300ETF",ETF,trend2,22.27,2.33,0.00,1.45,2,true,
W2,A,510500,"中证500ETF",ETF,trend2,28.52,-0.66,3.97,-0.20,4,true,
W3,A,600703,"三安光电",A小盘,trend,-24.57,-15.17,12.11,-1.30,12,true,
W2,A,510500,"中证500ETF",ETF,trend3,28.52,19.53,9.30,3.12,4,true,
W2,A,159915,"创业板ETF",ETF,trend2,55.64,11.59,0.00,1.68,4,true,
W2,A,510300,"沪深300ETF",ETF,trend3,22.27,21.11,0.00,3.54,2,true,
W2,A,159915,"创业板ETF",ETF,trend3,55.64,57.39,0.00,4.15,2,true,
W3,A,600703,"三安光电",A小盘,trend2,-24.57,-10.29,15.61,-0.76,10,true,
W2,A,510500,"中证500ETF",ETF,trend5,28.52,17.17,7.48,2.84,4,true,
W3,A,600703,"三安光电",A小盘,trend3,-24.57,-13.99,14.10,-0.47,4,true,
W2,A,510300,"沪深300ETF",ETF,trend5,22.27,18.65,0.00,3.26,2,true,
W2,A,159915,"创业板ETF",ETF,trend5,55.64,49.00,0.00,3.81,2,true,
W2,A,510300,"沪深300ETF",ETF,trend6,22.27,14.93,0.00,2.69,4,true,
W2,A,510500,"中证500ETF",ETF,trend6,28.52,17.17,7.48,2.84,4,true,
W3,A,600703,"三安光电",A小盘,trend5,-24.57,-12.55,9.42,-0.95,6,true,
W3,A,510500,"中证500ETF",ETF,trend,4.25,6.85,15.36,1.04,12,true,
W2,A,159915,"创业板ETF",ETF,trend6,55.64,49.00,0.00,3.81,2,true,
W3,A,510300,"沪深300ETF",ETF,trend,-2.09,-7.12,3.89,-1.80,22,true,
W3,A,159915,"创业板ETF",ETF,trend,0.47,-16.73,7.17,-2.80,26,true,
W3,A,600703,"三安光电",A小盘,trend6,-24.57,-12.55,9.42,-0.95,6,true,
W3,A,510500,"中证500ETF",ETF,trend2,4.25,2.05,0.68,0.57,8,true,
W4,A,600703,"三安光电",A小盘,trend,16.86,-16.73,10.69,-1.50,12,true,
W3,A,510300,"沪深300ETF",ETF,trend2,-2.09,-0.66,0.66,-0.81,2,true,
W3,A,159915,"创业板ETF",ETF,trend2,0.47,1.85,0.00,0.90,2,true,
W3,A,510300,"沪深300ETF",ETF,trend3,-2.09,-7.82,5.37,-1.38,4,true,
W3,A,510500,"中证500ETF",ETF,trend3,4.25,-8.00,13.63,-1.05,6,true,
W4,A,600703,"三安光电",A小盘,trend2,16.86,-13.83,11.63,-1.26,6,true,
W3,A,510500,"中证500ETF",ETF,trend5,4.25,-2.26,10.46,-0.27,6,true,
W3,A,159915,"创业板ETF",ETF,trend3,0.47,-21.70,9.89,-2.48,8,true,
W3,A,510300,"沪深300ETF",ETF,trend5,-2.09,-9.34,5.57,-2.64,6,true,
W3,A,159915,"创业板ETF",ETF,trend5,0.47,-11.67,5.82,-1.68,6,true,
W4,A,600703,"三安光电",A小盘,trend3,16.86,-6.35,6.35,-0.18,4,true,
W3,A,510500,"中证500ETF",ETF,trend6,4.25,-2.26,10.46,-0.27,6,true,
W4,A,600703,"三安光电",A小盘,trend5,16.86,-3.46,2.42,-0.21,4,true,
W3,A,510300,"沪深300ETF",ETF,trend6,-2.09,-5.97,3.64,-2.27,6,true,
W3,A,159915,"创业板ETF",ETF,trend6,0.47,-9.92,5.67,-1.85,6,true,
W4,A,510300,"沪深300ETF",ETF,trend,3.85,-7.52,2.09,-3.69,12,true,
W4,A,510500,"中证500ETF",ETF,trend,5.41,0.46,2.21,0.15,10,true,
W4,A,600703,"三安光电",A小盘,trend6,16.86,-3.46,2.42,-0.21,4,true,
W4,A,510500,"中证500ETF",ETF,trend2,5.41,5.73,5.21,1.30,8,true,
W4,A,159915,"创业板ETF",ETF,trend,26.60,-5.60,8.06,-0.72,28,true,
W4,A,510300,"沪深300ETF",ETF,trend2,3.85,3.91,0.00,2.32,2,true,
W4,A,159915,"创业板ETF",ETF,trend2,26.60,-2.12,2.15,-0.46,4,true,
W1,A,588000,"科创50ETF",ETF,trend,-5.61,-19.13,19.04,-1.72,10,true,
W4,A,510500,"中证500ETF",ETF,trend3,5.41,-15.78,7.54,-2.55,8,true,
W1,A,588000,"科创50ETF",ETF,trend2,-5.61,-21.69,19.04,-2.81,4,true,
W4,A,510300,"沪深300ETF",ETF,trend3,3.85,-1.70,1.70,-0.46,4,true,
W4,A,159915,"创业板ETF",ETF,trend3,26.60,27.66,0.00,2.30,2,true,
W4,A,510300,"沪深300ETF",ETF,trend5,3.85,-0.27,0.27,-0.09,2,true,
W4,A,510500,"中证500ETF",ETF,trend5,5.41,-12.70,4.59,-2.36,6,true,
W1,A,588000,"科创50ETF",ETF,trend3,-5.61,-19.29,7.82,-2.36,6,true,
W4,A,510500,"中证500ETF",ETF,trend6,5.41,-12.70,4.59,-2.36,6,true,
W4,A,159915,"创业板ETF",ETF,trend5,26.60,12.07,0.61,1.49,4,true,
W4,A,510300,"沪深300ETF",ETF,trend6,3.85,-0.27,0.27,-0.09,2,true,
W4,A,159915,"创业板ETF",ETF,trend6,26.60,6.55,2.85,1.09,6,true,
W1,A,588000,"科创50ETF",ETF,trend5,-5.61,-2.07,2.07,-0.59,2,true,
W1,A,512880,"证券ETF",ETF,trend,-11.08,-14.64,11.09,-1.35,16,true,
W1,A,588000,"科创50ETF",ETF,trend6,-5.61,-2.07,2.07,-0.59,2,true,
W1,A,512170,"医疗ETF",ETF,trend,-11.11,-16.01,14.21,-1.70,16,true,
W1,A,512480,"半导体ETF",ETF,trend,20.27,-0.47,13.30,0.14,18,true,
W1,A,512170,"医疗ETF",ETF,trend2,-11.11,-14.21,14.21,-2.01,4,true,
W1,A,512880,"证券ETF",ETF,trend2,-11.08,-12.12,10.18,-2.10,6,true,
W2,A,588000,"科创50ETF",ETF,trend,45.51,31.75,4.73,2.50,8,true,
W1,A,512880,"证券ETF",ETF,trend3,-11.08,-1.56,1.56,-0.02,2,true,
W1,A,512480,"半导体ETF",ETF,trend2,20.27,3.72,12.89,0.42,8,true,
W1,A,512170,"医疗ETF",ETF,trend3,-11.11,-14.37,8.22,-2.76,4,true,
W1,A,512480,"半导体ETF",ETF,trend3,20.27,-11.62,12.00,-0.81,6,true,
W2,A,588000,"科创50ETF",ETF,trend2,45.51,-5.47,3.10,-0.66,6,true,
W1,A,512880,"证券ETF",ETF,trend5,-11.08,-12.23,8.62,-1.47,4,true,
W2,A,588000,"科创50ETF",ETF,trend3,45.51,31.74,9.77,2.49,4,true,
W1,A,512170,"医疗ETF",ETF,trend5,-11.11,0.00,0.00,0.00,0,true,
W1,A,512480,"半导体ETF",ETF,trend5,20.27,-0.16,0.57,0.11,4,true,
W1,A,512170,"医疗ETF",ETF,trend6,-11.11,0.00,0.00,0.00,0,true,
W1,A,512880,"证券ETF",ETF,trend6,-11.08,-12.23,8.62,-1.47,4,true,
W2,A,588000,"科创50ETF",ETF,trend5,45.51,22.48,3.64,1.90,6,true,
W2,A,512880,"证券ETF",ETF,trend,16.08,1.85,9.26,0.32,12,true,
W1,A,512480,"半导体ETF",ETF,trend6,20.27,3.97,4.52,0.47,4,true,
W2,A,512170,"医疗ETF",ETF,trend,15.98,5.65,12.35,0.92,16,true,
W2,A,512480,"半导体ETF",ETF,trend,49.67,43.78,6.65,3.25,12,true,
W2,A,588000,"科创50ETF",ETF,trend6,45.51,22.48,3.64,1.90,6,true,
W2,A,512880,"证券ETF",ETF,trend2,16.08,-0.96,0.77,-0.82,4,true,
W3,A,588000,"科创50ETF",ETF,trend,-14.81,-6.18,9.68,-0.72,12,true,
W2,A,512170,"医疗ETF",ETF,trend2,15.98,-1.76,3.30,-0.71,8,true,
W2,A,512480,"半导体ETF",ETF,trend2,49.67,8.19,1.95,0.88,10,true,
W2,A,512170,"医疗ETF",ETF,trend3,15.98,9.14,5.06,1.22,4,true,
W2,A,512880,"证券ETF",ETF,trend3,16.08,14.47,0.00,1.64,2,true,
W3,A,588000,"科创50ETF",ETF,trend2,-14.81,-7.98,2.13,-2.00,10,true,
W2,A,512880,"证券ETF",ETF,trend5,16.08,5.42,0.00,0.82,2,true,
W2,A,512480,"半导体ETF",ETF,trend3,49.67,28.66,5.06,2.13,4,true,
W2,A,512170,"医疗ETF",ETF,trend5,15.98,14.96,0.00,1.95,2,true,
W2,A,512480,"半导体ETF",ETF,trend5,49.67,24.32,1.75,1.87,4,true,
W3,A,588000,"科创50ETF",ETF,trend3,-14.81,-16.71,11.43,-2.32,4,true,
W2,A,512880,"证券ETF",ETF,trend6,16.08,5.84,0.00,0.88,2,true,
W3,A,588000,"科创50ETF",ETF,trend5,-14.81,-13.45,8.47,-2.38,4,true,
W2,A,512170,"医疗ETF",ETF,trend6,15.98,6.42,12.47,1.08,4,true,
W2,A,512480,"半导体ETF",ETF,trend6,49.67,24.32,1.75,1.87,4,true,
W3,A,512170,"医疗ETF",ETF,trend,-13.01,0.68,2.03,0.23,4,true,
W3,A,512880,"证券ETF",ETF,trend,-16.93,-3.48,2.53,-0.84,8,true,
W3,A,588000,"科创50ETF",ETF,trend6,-14.81,-13.45,8.47,-2.38,4,true,
W3,A,512880,"证券ETF",ETF,trend2,-16.93,-4.71,1.33,-1.79,12,true,
W3,A,512480,"半导体ETF",ETF,trend,-9.33,-0.57,14.25,0.05,10,true,
W3,A,512170,"医疗ETF",ETF,trend2,-13.01,-6.34,3.88,-2.87,8,true,
W3,A,512480,"半导体ETF",ETF,trend2,-9.33,2.62,2.26,0.48,6,true,
W4,A,588000,"科创50ETF",ETF,trend,26.54,30.78,11.14,2.59,10,true,
W3,A,512880,"证券ETF",ETF,trend3,-16.93,0.00,0.00,0.00,0,true,
W4,A,588000,"科创50ETF",ETF,trend2,26.54,22.79,1.67,2.10,8,true,
W3,A,512170,"医疗ETF",ETF,trend3,-13.01,0.00,0.00,0.00,0,true,
W3,A,512480,"半导体ETF",ETF,trend3,-9.33,-10.64,12.21,-1.03,4,true,
W3,A,512170,"医疗ETF",ETF,trend5,-13.01,0.00,0.00,0.00,0,true,
W3,A,512880,"证券ETF",ETF,trend5,-16.93,0.00,0.00,0.00,0,true,
W4,A,588000,"科创50ETF",ETF,trend3,26.54,-5.61,7.24,-0.40,6,true,
W3,A,512880,"证券ETF",ETF,trend6,-16.93,0.00,0.00,0.00,0,true,
W3,A,512480,"半导体ETF",ETF,trend5,-9.33,-10.86,9.32,-1.18,4,true,
W3,A,512170,"医疗ETF",ETF,trend6,-13.01,0.00,0.00,0.00,0,true,
W3,A,512480,"半导体ETF",ETF,trend6,-9.33,-10.86,9.32,-1.18,4,true,
W4,A,588000,"科创50ETF",ETF,trend5,26.54,-8.42,5.45,-0.92,6,true,
W4,A,512880,"证券ETF",ETF,trend,-16.60,0.00,0.00,0.00,0,true,
W4,A,588000,"科创50ETF",ETF,trend6,26.54,-8.42,5.45,-0.92,6,true,
W4,A,512170,"医疗ETF",ETF,trend,-22.92,-4.44,3.88,-2.10,4,true,
W4,A,512480,"半导体ETF",ETF,trend,51.28,11.41,0.00,2.30,4,true,
W4,A,512170,"医疗ETF",ETF,trend2,-22.92,-10.77,3.88,-3.71,10,true,
W4,A,512880,"证券ETF",ETF,trend2,-16.60,-0.09,1.57,-0.08,4,true,
W1,A,159928,"消费ETF",ETF,trend,-20.35,4.23,5.42,0.70,6,true,
W4,A,512880,"证券ETF",ETF,trend3,-16.60,0.00,0.00,0.00,0,true,
W4,A,512480,"半导体ETF",ETF,trend2,51.28,45.15,0.00,3.21,6,true,
W4,A,512170,"医疗ETF",ETF,trend3,-22.92,0.00,0.00,0.00,0,true,
W4,A,512480,"半导体ETF",ETF,trend3,51.28,10.11,5.34,0.88,6,true,
W1,A,159928,"消费ETF",ETF,trend2,-20.35,-7.39,5.24,-2.29,8,true,
W4,A,512880,"证券ETF",ETF,trend5,-16.60,0.00,0.00,0.00,0,true,
W1,A,159928,"消费ETF",ETF,trend3,-20.35,-17.92,10.36,-4.58,6,true,
W4,A,512170,"医疗ETF",ETF,trend5,-22.92,0.00,0.00,0.00,0,true,
W4,A,512480,"半导体ETF",ETF,trend5,51.28,6.36,1.88,0.64,6,true,
W4,A,512170,"医疗ETF",ETF,trend6,-22.92,0.00,0.00,0.00,0,true,
W4,A,512880,"证券ETF",ETF,trend6,-16.60,0.00,0.00,0.00,0,true,
W1,A,159928,"消费ETF",ETF,trend5,-20.35,0.00,0.00,0.00,0,true,
W1,HK,09988,"阿里巴巴-W",港股,trend,17.57,10.48,32.79,0.86,8,true,
W4,A,512480,"半导体ETF",ETF,trend6,51.28,9.07,2.82,0.88,6,true,
W1,HK,00700,"腾讯控股",港股,trend,12.00,-3.99,17.59,-0.24,12,true,
W1,HK,03690,"美团-W",港股,trend,-11.29,-12.91,8.62,-0.91,6,true,
W1,A,159928,"消费ETF",ETF,trend6,-20.35,0.00,0.00,0.00,0,true,
W1,HK,09988,"阿里巴巴-W",港股,trend2,17.57,30.66,9.21,2.15,6,true,
W2,A,159928,"消费ETF",ETF,trend,4.19,-0.66,5.06,-0.08,12,true,
W1,HK,00700,"腾讯控股",港股,trend2,12.00,7.66,25.72,0.78,6,true,
W1,HK,03690,"美团-W",港股,trend2,-11.29,-13.80,7.65,-2.21,4,true,
W1,HK,00700,"腾讯控股",港股,trend3,12.00,-5.82,11.28,-0.33,4,true,
W1,HK,09988,"阿里巴巴-W",港股,trend3,17.57,13.23,14.03,0.82,4,true,
W2,A,159928,"消费ETF",ETF,trend2,4.19,1.99,0.85,0.98,6,true,
W1,HK,09988,"阿里巴巴-W",港股,trend5,17.57,3.56,9.21,0.37,4,true,
W1,HK,03690,"美团-W",港股,trend3,-11.29,-34.51,15.46,-2.15,6,true,
W1,HK,00700,"腾讯控股",港股,trend5,12.00,-0.94,6.68,0.05,4,true,
W1,HK,03690,"美团-W",港股,trend5,-11.29,-28.00,12.11,-2.35,6,true,
W2,A,159928,"消费ETF",ETF,trend3,4.19,0.00,0.00,0.04,2,true,
W1,HK,09988,"阿里巴巴-W",港股,trend6,17.57,4.27,9.21,0.41,4,true,
W2,A,159928,"消费ETF",ETF,trend5,4.19,-0.36,0.36,-0.04,2,true,
W1,HK,00700,"腾讯控股",港股,trend6,12.00,-1.33,6.68,0.02,4,true,
W1,HK,03690,"美团-W",港股,trend6,-11.29,-26.34,12.11,-2.19,6,true,
W2,HK,00700,"腾讯控股",港股,trend,32.34,6.76,0.00,1.49,6,true,
W2,HK,09988,"阿里巴巴-W",港股,trend,37.10,9.27,15.95,0.79,14,true,
W2,A,159928,"消费ETF",ETF,trend6,4.19,1.78,0.00,0.47,2,true,
W2,HK,09988,"阿里巴巴-W",港股,trend2,37.10,34.88,0.52,2.47,6,true,
W2,HK,03690,"美团-W",港股,trend,-33.73,-4.99,4.99,-2.16,2,true,
W2,HK,00700,"腾讯控股",港股,trend2,32.34,6.73,4.78,1.19,6,true,
W2,HK,03690,"美团-W",港股,trend2,-33.73,5.95,0.00,1.02,4,true,
W3,A,159928,"消费ETF",ETF,trend,-10.70,0.00,0.00,0.00,0,true,
W2,HK,09988,"阿里巴巴-W",港股,trend3,37.10,43.09,0.00,2.19,2,true,
W3,A,159928,"消费ETF",ETF,trend2,-10.70,-3.07,1.38,-1.61,8,true,
W2,HK,00700,"腾讯控股",港股,trend3,32.34,28.12,0.00,3.14,2,true,
W2,HK,03690,"美团-W",港股,trend3,-33.73,0.00,0.00,0.00,0,true,
W2,HK,00700,"腾讯控股",港股,trend5,32.34,28.12,0.00,3.14,2,true,
W2,HK,09988,"阿里巴巴-W",港股,trend5,37.10,20.08,6.99,1.74,4,true,
W3,A,159928,"消费ETF",ETF,trend3,-10.70,0.00,0.00,0.00,0,true,
W2,HK,09988,"阿里巴巴-W",港股,trend6,37.10,20.08,6.99,1.74,4,true,
W2,HK,03690,"美团-W",港股,trend5,-33.73,0.00,0.00,0.00,0,true,
W2,HK,00700,"腾讯控股",港股,trend6,32.34,28.12,0.00,3.14,2,true,
W2,HK,03690,"美团-W",港股,trend6,-33.73,0.00,0.00,0.00,0,true,
W3,A,159928,"消费ETF",ETF,trend5,-10.70,0.00,0.00,0.00,0,true,
W3,HK,09988,"阿里巴巴-W",港股,trend,-31.72,-1.30,1.42,-0.19,4,true,
W3,A,159928,"消费ETF",ETF,trend6,-10.70,0.00,0.00,0.00,0,true,
W3,HK,00700,"腾讯控股",港股,trend,-25.60,-4.94,3.38,-1.49,8,true,
W3,HK,03690,"美团-W",港股,trend,-21.35,-2.35,2.06,-0.66,4,true,
W3,HK,00700,"腾讯控股",港股,trend2,-25.60,-8.29,7.24,-1.60,6,true,
W3,HK,09988,"阿里巴巴-W",港股,trend2,-31.72,-1.64,4.68,-0.14,6,true,
W4,A,159928,"消费ETF",ETF,trend,-22.70,0.00,0.00,0.00,0,true,
W3,HK,03690,"美团-W",港股,trend2,-21.35,-3.29,2.06,-1.04,4,true,
W3,HK,00700,"腾讯控股",港股,trend3,-25.60,-14.56,8.20,-3.35,4,true,
W3,HK,09988,"阿里巴巴-W",港股,trend3,-31.72,-18.98,11.20,-3.57,4,true,
W4,A,159928,"消费ETF",ETF,trend2,-22.70,-1.00,1.38,-0.61,4,true,
W3,HK,03690,"美团-W",港股,trend3,-21.35,-7.27,7.27,-1.16,2,true,
W4,A,159928,"消费ETF",ETF,trend3,-22.70,0.00,0.00,0.00,0,true,
W3,HK,00700,"腾讯控股",港股,trend5,-25.60,-10.36,5.54,-3.05,4,true,
W3,HK,09988,"阿里巴巴-W",港股,trend5,-31.72,-9.67,9.67,-2.40,2,true,
W3,HK,00700,"腾讯控股",港股,trend6,-25.60,-6.70,3.70,-2.27,4,true,
W3,HK,03690,"美团-W",港股,trend5,-21.35,-6.55,6.55,-2.16,2,true,
W4,A,159928,"消费ETF",ETF,trend5,-22.70,0.00,0.00,0.00,0,true,
W3,HK,03690,"美团-W",港股,trend6,-21.35,-4.17,4.17,-1.62,2,true,
W3,HK,09988,"阿里巴巴-W",港股,trend6,-31.72,-9.67,9.67,-2.40,2,true,
W4,HK,00700,"腾讯控股",港股,trend,-30.89,-0.88,0.88,-0.69,2,true,
W4,HK,09988,"阿里巴巴-W",港股,trend,-35.25,-5.75,4.17,-0.79,8,true,
W4,A,159928,"消费ETF",ETF,trend6,-22.70,0.00,0.00,0.00,0,true,
W4,HK,03690,"美团-W",港股,trend,-32.58,-9.17,5.59,-2.31,4,true,
W1,HK,00388,"香港交易所",港股,trend,3.63,-16.11,10.50,-1.19,14,true,
W4,HK,00700,"腾讯控股",港股,trend2,-30.89,-9.92,7.24,-1.82,8,true,
W4,HK,09988,"阿里巴巴-W",港股,trend2,-35.25,-1.74,1.74,-0.30,2,true,
W4,HK,00700,"腾讯控股",港股,trend3,-30.89,0.00,0.00,0.00,0,true,
W4,HK,03690,"美团-W",港股,trend2,-32.58,0.00,0.00,0.00,0,true,
W1,HK,00388,"香港交易所",港股,trend2,3.63,-6.58,13.63,-0.34,6,true,
W4,HK,03690,"美团-W",港股,trend3,-32.58,0.00,0.00,0.00,0,true,
W4,HK,09988,"阿里巴巴-W",港股,trend3,-35.25,-8.77,8.77,-2.44,2,true,
W4,HK,00700,"腾讯控股",港股,trend5,-30.89,0.00,0.00,0.00,0,true,
W4,HK,09988,"阿里巴巴-W",港股,trend5,-35.25,0.00,0.00,0.00,0,true,
W1,HK,00388,"香港交易所",港股,trend3,3.63,-19.76,13.63,-1.22,6,true,
W4,HK,03690,"美团-W",港股,trend5,-32.58,0.00,0.00,0.00,0,true,
W1,HK,00388,"香港交易所",港股,trend5,3.63,-20.87,8.80,-1.49,8,true,
W4,HK,00700,"腾讯控股",港股,trend6,-30.89,0.00,0.00,0.00,0,true,
W4,HK,09988,"阿里巴巴-W",港股,trend6,-35.25,0.00,0.00,0.00,0,true,
W1,HK,02020,"安踏体育",港股,trend,-8.63,-8.80,10.99,-0.54,14,true,
W4,HK,03690,"美团-W",港股,trend6,-32.58,0.00,0.00,0.00,0,true,
W1,HK,00388,"香港交易所",港股,trend6,3.63,-22.99,8.58,-1.76,10,true,
W1,HK,09999,"网易-S",港股,trend,7.94,-5.53,12.09,-0.41,18,true,
W1,HK,00941,"中国移动",港股,trend,14.99,-2.00,5.19,-0.26,12,true,
W1,HK,02020,"安踏体育",港股,trend2,-8.63,-14.61,10.30,-1.12,10,true,
W1,HK,00941,"中国移动",港股,trend2,14.99,2.76,1.19,1.46,4,true,
W2,HK,00388,"香港交易所",港股,trend,27.89,-0.57,11.03,0.00,26,true,
W1,HK,09999,"网易-S",港股,trend2,7.94,-9.73,12.09,-0.93,6,true,
W2,HK,00388,"香港交易所",港股,trend2,27.89,16.45,3.64,2.17,6,true,
W1,HK,02020,"安踏体育",港股,trend3,-8.63,-13.98,15.16,-0.84,4,true,
W1,HK,00941,"中国移动",港股,trend3,14.99,11.85,0.00,2.14,2,true,
W1,HK,02020,"安踏体育",港股,trend5,-8.63,-6.80,5.25,-0.49,4,true,
W1,HK,09999,"网易-S",港股,trend3,7.94,3.79,2.33,0.46,4,true,
W2,HK,00388,"香港交易所",港股,trend3,27.89,-0.55,12.30,0.03,4,true,
W1,HK,09999,"网易-S",港股,trend5,7.94,-1.25,1.06,-0.08,6,true,
W1,HK,00941,"中国移动",港股,trend5,14.99,9.37,0.40,1.78,4,true,
W1,HK,02020,"安踏体育",港股,trend6,-8.63,-4.72,5.25,-0.30,4,true,
W1,HK,00941,"中国移动",港股,trend6,14.99,7.14,0.00,1.41,4,true,
W2,HK,00388,"香港交易所",港股,trend5,27.89,-5.72,4.15,-0.63,6,true,
W1,HK,09999,"网易-S",港股,trend6,7.94,2.64,2.09,0.42,6,true,
W2,HK,00388,"香港交易所",港股,trend6,27.89,-7.41,4.46,-0.93,8,true,
W2,HK,02020,"安踏体育",港股,trend,8.53,-9.69,2.22,-1.28,14,true,
W2,HK,00941,"中国移动",港股,trend,0.84,-2.66,7.89,-0.55,14,true,
W2,HK,02020,"安踏体育",港股,trend2,8.53,8.04,3.38,1.40,6,true,
W2,HK,09999,"网易-S",港股,trend,47.45,-3.11,17.81,0.01,18,true,
W3,HK,00388,"香港交易所",港股,trend,-9.98,-2.84,2.70,-1.07,4,true,
W2,HK,09999,"网易-S",港股,trend2,47.45,6.18,4.27,0.95,8,true,
W2,HK,00941,"中国移动",港股,trend2,0.84,-0.46,0.46,-0.80,2,true,
W2,HK,02020,"安踏体育",港股,trend3,8.53,-12.75,9.15,-1.33,4,true,
W2,HK,00941,"中国移动",港股,trend3,0.84,1.64,4.07,0.38,4,true,
W3,HK,00388,"香港交易所",港股,trend2,-9.98,-4.65,2.79,-2.04,6,true,
W2,HK,09999,"网易-S",港股,trend3,47.45,8.40,17.81,0.63,6,true,
W3,HK,00388,"香港交易所",港股,trend3,-9.98,-5.65,5.65,-2.20,2,true,
W2,HK,02020,"安踏体育",港股,trend5,8.53,-8.86,8.43,-0.96,4,true,
W2,HK,00941,"中国移动",港股,trend5,0.84,-0.93,5.40,-0.15,4,true,
W2,HK,02020,"安踏体育",港股,trend6,8.53,-15.70,8.43,-2.20,8,true,
W2,HK,09999,"网易-S",港股,trend5,47.45,7.45,17.81,0.58,6,true,
W3,HK,00388,"香港交易所",港股,trend5,-9.98,-3.92,3.92,-1.62,2,true,
W2,HK,09999,"网易-S",港股,trend6,47.45,8.08,18.01,0.62,8,true,
W2,HK,00941,"中国移动",港股,trend6,0.84,0.12,7.56,0.07,6,true,
W3,HK,02020,"安踏体育",港股,trend,-16.52,-1.00,3.91,-0.22,4,true,
W3,HK,00388,"香港交易所",港股,trend6,-9.98,-3.42,3.42,-1.42,2,true,
W3,HK,09999,"网易-S",港股,trend,-23.43,-4.19,4.02,-1.17,4,true,
W3,HK,00941,"中国移动",港股,trend,-5.95,0.06,0.00,0.06,2,true,
W3,HK,02020,"安踏体育",港股,trend2,-16.52,0.27,2.15,0.12,8,true,
W4,HK,00388,"香港交易所",港股,trend,-12.84,-3.00,2.70,-0.97,10,true,
W3,HK,02020,"安踏体育",港股,trend3,-16.52,0.00,0.00,0.00,0,true,
W3,HK,09999,"网易-S",港股,trend2,-23.43,-7.08,2.54,-1.46,8,true,
W3,HK,00941,"中国移动",港股,trend2,-5.95,-0.27,2.68,-0.11,8,true,
W3,HK,09999,"网易-S",港股,trend3,-23.43,0.00,0.00,0.00,0,true,
W4,HK,00388,"香港交易所",港股,trend2,-12.84,-3.15,1.91,-1.66,6,true,
W3,HK,02020,"安踏体育",港股,trend5,-16.52,0.00,0.00,0.00,0,true,
W4,HK,00388,"香港交易所",港股,trend3,-12.84,-9.90,5.65,-3.27,4,true,
W3,HK,00941,"中国移动",港股,trend3,-5.95,0.00,0.00,0.00,0,true,
W3,HK,09999,"网易-S",港股,trend5,-23.43,0.00,0.00,0.00,0,true,
W3,HK,00941,"中国移动",港股,trend5,-5.95,0.00,0.00,0.00,0,true,
W3,HK,02020,"安踏体育",港股,trend6,-16.52,0.00,0.00,0.00,0,true,
W4,HK,00388,"香港交易所",港股,trend5,-12.84,-3.92,3.92,-1.75,2,true,
W4,HK,02020,"安踏体育",港股,trend,-10.52,-0.71,3.91,-0.11,6,true,
W3,HK,09999,"网易-S",港股,trend6,-23.43,0.00,0.00,0.00,0,true,
W3,HK,00941,"中国移动",港股,trend6,-5.95,0.00,0.00,0.00,0,true,
W4,HK,09999,"网易-S",港股,trend,-15.86,-3.69,3.83,-0.92,6,true,
W4,HK,00388,"香港交易所",港股,trend6,-12.84,-3.42,3.42,-1.53,2,true,
W4,HK,02020,"安踏体育",港股,trend2,-10.52,4.48,0.00,2.19,2,true,
W4,HK,00941,"中国移动",港股,trend,-1.29,5.36,2.04,2.35,4,true,
W4,HK,09999,"网易-S",港股,trend2,-15.86,-10.95,3.58,-2.70,8,true,
W4,HK,02020,"安踏体育",港股,trend3,-10.52,0.00,0.00,0.00,0,true,
W4,HK,00941,"中国移动",港股,trend2,-1.29,-0.82,0.82,-1.56,2,true,
W4,HK,09999,"网易-S",港股,trend3,-15.86,0.63,0.00,0.19,2,true,
W4,HK,02020,"安踏体育",港股,trend5,-10.52,0.00,0.00,0.00,0,true,
W4,HK,00941,"中国移动",港股,trend3,-1.29,1.60,0.00,0.55,2,true,
W4,HK,09999,"网易-S",港股,trend5,-15.86,-3.59,3.59,-0.86,2,true,
W4,HK,02020,"安踏体育",港股,trend6,-10.52,0.00,0.00,0.00,0,true,
W4,HK,00941,"中国移动",港股,trend5,-1.29,0.73,0.00,0.27,2,true,
W4,HK,09999,"网易-S",港股,trend6,-15.86,-3.59,3.59,-0.86,2,true,
W4,HK,00941,"中国移动",港股,trend6,-1.29,4.16,0.00,1.78,2,true,
